Contrast,Block,A,B,Paired,Parametric,T,dof,alternative,p-unc,p-corr,p-adjust,BF10,hedges,Feature
Block,-,1,2,True,True,-0.2808432885634546,65.0,two-sided,0.7797226130530925,1.0,bonf,0.14,-0.0354451597699929,max_pupil_size
Block,-,1,3,True,True,0.6029092100249163,65.0,two-sided,0.5486669875723708,1.0,bonf,0.161,0.07303032517876161,max_pupil_size
Block,-,1,4,True,True,-0.2919739323877466,65.0,two-sided,0.771236422685953,1.0,bonf,0.141,-0.044954664484393204,max_pupil_size
Block,-,1,5,True,True,0.8125860950700707,65.0,two-sided,0.4194216471187624,1.0,bonf,0.185,0.11414396119109978,max_pupil_size
Block,-,1,6,True,True,-1.1241251296669035,65.0,two-sided,0.2650943199406563,1.0,bonf,0.247,-0.1631309241672072,max_pupil_size
Block,-,1,7,True,True,-1.4696945933247139,65.0,two-sided,0.14646836119880655,1.0,bonf,0.375,-0.22503436466296275,max_pupil_size
Block,-,1,8,True,True,1.66699542522167,65.0,two-sided,0.10032712095950334,1.0,bonf,0.5,0.26335239371839114,max_pupil_size
Block,-,2,3,True,True,0.9366465977156971,65.0,two-sided,0.3524075084595306,1.0,bonf,0.205,0.10191598583017077,max_pupil_size
Block,-,2,4,True,True,-0.06749337462510589,65.0,two-sided,0.9463961211486196,1.0,bonf,0.135,-0.010038612633521583,max_pupil_size
Block,-,2,5,True,True,0.9173094429213187,65.0,two-sided,0.3623716584336406,1.0,bonf,0.202,0.13980053045610186,max_pupil_size
Block,-,2,6,True,True,-0.8060453536223584,65.0,two-sided,0.4231558803279508,1.0,bonf,0.184,-0.12478349417162929,max_pupil_size
Block,-,2,7,True,True,-1.3015962734086544,65.0,two-sided,0.19764876837195464,1.0,bonf,0.302,-0.17982906256010767,max_pupil_size
Block,-,2,8,True,True,1.90698469070811,65.0,two-sided,0.06094377344310977,1.0,bonf,0.741,0.27820102328133917,max_pupil_size
Block,-,3,4,True,True,-0.6922854546694426,65.0,two-sided,0.4912238857318444,1.0,bonf,0.17,-0.10903040297849759,max_pupil_size
Block,-,3,5,True,True,0.2912527631449253,65.0,two-sided,0.7717854188046862,1.0,bonf,0.141,0.040733043830969456,max_pupil_size
Block,-,3,6,True,True,-1.4089818323434546,65.0,two-sided,0.16360661338700355,1.0,bonf,0.346,-0.21878717751648893,max_pupil_size
Block,-,3,7,True,True,-1.8597300545129662,65.0,two-sided,0.06744996265454213,1.0,bonf,0.683,-0.2821692341079882,max_pupil_size
Block,-,3,8,True,True,1.3001756264537743,65.0,two-sided,0.19813226992375751,1.0,bonf,0.301,0.18031336514078786,max_pupil_size
Block,-,4,5,True,True,1.1407000517086434,65.0,two-sided,0.25818029124801395,1.0,bonf,0.251,0.14568752030964535,max_pupil_size
Block,-,4,6,True,True,-0.8070913715649364,65.0,two-sided,0.42255735444128106,1.0,bonf,0.184,-0.11273615081590622,max_pupil_size
Block,-,4,7,True,True,-1.131592446274558,65.0,two-sided,0.2619634234898595,1.0,bonf,0.248,-0.1653605953733059,max_pupil_size
Block,-,4,8,True,True,1.7953562640489418,65.0,two-sided,0.07724557736434375,1.0,bonf,0.613,0.279472927474231,max_pupil_size
Block,-,5,6,True,True,-1.8064145039375763,65.0,two-sided,0.07548301636626312,1.0,bonf,0.625,-0.2513975431543437,max_pupil_size
Block,-,5,7,True,True,-1.954539516623119,65.0,two-sided,0.05494128482894025,1.0,bonf,0.806,-0.3159707385176132,max_pupil_size
Block,-,5,8,True,True,0.8161186182977397,65.0,two-sided,0.41741313410966496,1.0,bonf,0.186,0.13551520887752116,max_pupil_size
Block,-,6,7,True,True,-0.3477544255447264,65.0,two-sided,0.7291482504962237,1.0,bonf,0.143,-0.04254630729998468,max_pupil_size
Block,-,6,8,True,True,2.7019622703036608,65.0,two-sided,0.008783185163722859,0.24592918458424004,bonf,3.778,0.376759330336008,max_pupil_size
Block,-,7,8,True,True,3.377249290051856,65.0,two-sided,0.0012403751801235122,0.03473050504345834,bonf,21.36,0.45334303889870997,max_pupil_size
Subject_Type,-,0,1,False,True,1.1570475039760162,37.86526575615054,two-sided,0.25450024462611304,,,0.467,0.30631868171866955,max_pupil_size
Block * Subject_Type,1,0,1,False,True,1.0254435144250693,39.009237495512465,two-sided,0.3114710510147012,1.0,bonf,0.414,0.268193782342431,max_pupil_size
Block * Subject_Type,2,0,1,False,True,0.6161666212787097,43.39148501435202,two-sided,0.5410036880006492,1.0,bonf,0.313,0.1544954477811903,max_pupil_size
Block * Subject_Type,3,0,1,False,True,0.6822124419317448,48.62623910185634,two-sided,0.49834163306619217,1.0,bonf,0.325,0.16367037187136993,max_pupil_size
Block * Subject_Type,4,0,1,False,True,-0.289758191616251,40.94410271758904,two-sided,0.773463587639314,1.0,bonf,0.277,-0.07432716295941823,max_pupil_size
Block * Subject_Type,5,0,1,False,True,0.29117611746705696,42.62689349934262,two-sided,0.7723288035436912,1.0,bonf,0.277,0.07351642561150616,max_pupil_size
Block * Subject_Type,6,0,1,False,True,0.9441000450092286,38.42534530213522,two-sided,0.35101729889703737,1.0,bonf,0.388,0.24844019748163473,max_pupil_size
Block * Subject_Type,7,0,1,False,True,1.1629790261594548,43.48014724005068,two-sided,0.25118115999555213,1.0,bonf,0.47,0.2913697783352834,max_pupil_size
Block * Subject_Type,8,0,1,False,True,2.267010322002851,63.190940766154995,two-sided,0.026820312011083883,0.21456249608867106,bonf,2.201,0.4517078294673511,max_pupil_size
Block,-,1,2,True,True,-0.39868995548877423,65.0,two-sided,0.6914283987549121,1.0,bonf,0.146,-0.056125592793461264,mean_pupil_size
Block,-,1,3,True,True,-0.20753577610925125,65.0,two-sided,0.8362403034500855,1.0,bonf,0.138,-0.032613904371100455,mean_pupil_size
Block,-,1,4,True,True,-0.24590078567358076,65.0,two-sided,0.8065338612289665,1.0,bonf,0.139,-0.04241450507343076,mean_pupil_size
Block,-,1,5,True,True,0.13308448752793325,65.0,two-sided,0.8945377230565303,1.0,bonf,0.136,0.019433518215206214,mean_pupil_size
Block,-,1,6,True,True,0.33051725878926314,65.0,two-sided,0.7420721702307889,1.0,bonf,0.142,0.047812919440301895,mean_pupil_size
Block,-,1,7,True,True,-0.6070468541239743,65.0,two-sided,0.545934546524319,1.0,bonf,0.161,-0.09596730286195258,mean_pupil_size
Block,-,1,8,True,True,-0.5846364917570828,65.0,two-sided,0.5608160431929171,1.0,bonf,0.159,-0.09200925791656267,mean_pupil_size
Block,-,2,3,True,True,0.19608874977131635,65.0,two-sided,0.8451524614819128,1.0,bonf,0.138,0.026524723876406274,mean_pupil_size
Block,-,2,4,True,True,0.14754426159920395,65.0,two-sided,0.8831591664938402,1.0,bonf,0.136,0.02112008406208309,mean_pupil_size
Block,-,2,5,True,True,0.5537055858702497,65.0,two-sided,0.5816801544922836,1.0,bonf,0.156,0.07995648752096433,mean_pupil_size
Block,-,2,6,True,True,0.7666310796899863,65.0,two-sided,0.4460763582837488,1.0,bonf,0.179,0.10614816329924576,mean_pupil_size
Block,-,2,7,True,True,-0.35392365824898164,65.0,two-sided,0.7245415864462267,1.0,bonf,0.143,-0.05137428205027007,mean_pupil_size
Block,-,2,8,True,True,-0.26820973409707144,65.0,two-sided,0.7893872426848423,1.0,bonf,0.14,-0.040074581006826974,mean_pupil_size
Block,-,3,4,True,True,-0.05802194614771406,65.0,two-sided,0.9539091531000854,1.0,bonf,0.135,-0.008283238233150702,mean_pupil_size
Block,-,3,5,True,True,0.4069200716958623,65.0,two-sided,0.6854035702573313,1.0,bonf,0.146,0.055452740949135,mean_pupil_size
Block,-,3,6,True,True,0.7946446686979967,65.0,two-sided,0.429712156517866,1.0,bonf,0.183,0.08353249429242292,mean_pupil_size
Block,-,3,7,True,True,-0.5498320840520136,65.0,two-sided,0.5843189318586408,1.0,bonf,0.156,-0.0738198655286159,mean_pupil_size
Block,-,3,8,True,True,-0.43825128501246163,65.0,two-sided,0.6626572114386207,1.0,bonf,0.148,-0.06694934820525622,mean_pupil_size
Block,-,4,5,True,True,0.4459787757084202,65.0,two-sided,0.65709465768921,1.0,bonf,0.149,0.06782934135774471,mean_pupil_size
Block,-,4,6,True,True,0.591144314743476,65.0,two-sided,0.5564739123908716,1.0,bonf,0.16,0.09644355244337502,mean_pupil_size
Block,-,4,7,True,True,-0.4789519174997991,65.0,two-sided,0.6335801793620521,1.0,bonf,0.151,-0.07260600518121058,mean_pupil_size
Block,-,4,8,True,True,-0.42613990499382026,65.0,two-sided,0.67141379467991,1.0,bonf,0.147,-0.06617780793420518,mean_pupil_size
Block,-,5,6,True,True,0.21531339108953887,65.0,two-sided,0.8301971636327287,1.0,bonf,0.138,0.03048896060646928,mean_pupil_size
Block,-,5,7,True,True,-1.082911199799313,65.0,two-sided,0.2828487147098835,1.0,bonf,0.236,-0.11770711467894854,mean_pupil_size
Block,-,5,8,True,True,-0.7006697981746006,65.0,two-sided,0.4860097688392023,1.0,bonf,0.171,-0.11770613365679264,mean_pupil_size
Block,-,6,7,True,True,-1.0892809964775243,65.0,two-sided,0.28005206107158587,1.0,bonf,0.238,-0.13930496896466435,mean_pupil_size
Block,-,6,8,True,True,-0.9225320264377909,65.0,two-sided,0.35966289908656557,1.0,bonf,0.203,-0.14104365396165805,mean_pupil_size
Block,-,7,8,True,True,0.13909147212920125,65.0,two-sided,0.8898079229066727,1.0,bonf,0.136,0.018229263781163338,mean_pupil_size
Subject_Type,-,0,1,False,True,-0.6401258502943434,62.174867470745234,two-sided,0.5244428065094632,,,0.317,-0.1367966248548122,mean_pupil_size
Block * Subject_Type,1,0,1,False,True,-0.6347497388650112,63.99522981115895,two-sided,0.5278545226343552,1.0,bonf,0.316,-0.12962516501230012,mean_pupil_size
Block * Subject_Type,2,0,1,False,True,0.9439939926870459,63.670742803407386,two-sided,0.3487411618740064,1.0,bonf,0.388,0.1966358007082705,mean_pupil_size
Block * Subject_Type,3,0,1,False,True,-0.1370850333141192,57.12472686845122,two-sided,0.8914456042520446,1.0,bonf,0.27,-0.03075680889093161,mean_pupil_size
Block * Subject_Type,4,0,1,False,True,0.11257770152270696,29.424095604567718,two-sided,0.9111299120451888,1.0,bonf,0.269,0.033433381892701265,mean_pupil_size
Block * Subject_Type,5,0,1,False,True,-2.423506917787948,60.03238520650414,two-sided,0.018402502275859527,0.14722001820687622,bonf,2.953,-0.46767921074658925,mean_pupil_size
Block * Subject_Type,6,0,1,False,True,-0.3521054568483589,56.349940795385976,two-sided,0.7260726209213004,1.0,bonf,0.282,-0.07949946769096387,mean_pupil_size
Block * Subject_Type,7,0,1,False,True,-0.3671286065979052,62.93211557643728,two-sided,0.7147547572480224,1.0,bonf,0.283,-0.07286556211094547,mean_pupil_size
Block * Subject_Type,8,0,1,False,True,-0.24848530850192233,63.993124986464935,two-sided,0.8045546464325685,1.0,bonf,0.274,-0.05097850165061655,mean_pupil_size
Block,-,1,2,True,True,-1.093311927276041,65.0,two-sided,0.278292248404518,1.0,bonf,0.239,-0.11448388932330132,median_pupil_size
Block,-,1,3,True,True,-0.02931659513660791,65.0,two-sided,0.9767019201038407,1.0,bonf,0.135,-0.0033285240518735565,median_pupil_size
Block,-,1,4,True,True,-0.8646052137202255,65.0,two-sided,0.3904351588771955,1.0,bonf,0.193,-0.10672381861923998,median_pupil_size
Block,-,1,5,True,True,-1.6304408221932452,65.0,two-sided,0.10784507818747438,1.0,bonf,0.473,-0.1932894528470371,median_pupil_size
Block,-,1,6,True,True,-1.803912440608068,65.0,two-sided,0.07587884979435579,1.0,bonf,0.622,-0.24003994712274593,median_pupil_size
Block,-,1,7,True,True,-3.067871950609142,65.0,two-sided,0.003141834742446114,0.0879713727884912,bonf,9.316,-0.4024833632817009,median_pupil_size
Block,-,1,8,True,True,-3.3185945473674967,65.0,two-sided,0.0014853214904971199,0.041589001733919356,bonf,18.17,-0.44285282920192987,median_pupil_size
Block,-,2,3,True,True,0.9688137451680466,65.0,two-sided,0.33622932065743893,1.0,bonf,0.211,0.10551912543162133,median_pupil_size
Block,-,2,4,True,True,0.059465721671273904,65.0,two-sided,0.9527636175995937,1.0,bonf,0.135,0.006198221265630595,median_pupil_size
Block,-,2,5,True,True,-0.5642517552496613,65.0,two-sided,0.574524734207043,1.0,bonf,0.157,-0.06857594496992235,median_pupil_size
Block,-,2,6,True,True,-0.9254228967443241,65.0,two-sided,0.358169122393856,1.0,bonf,0.203,-0.12247935995865214,median_pupil_size
Block,-,2,7,True,True,-2.1130165859797874,65.0,two-sided,0.03844398487602478,1.0,bonf,1.079,-0.27988896839987654,median_pupil_size
Block,-,2,8,True,True,-2.349720595839928,65.0,two-sided,0.02183536007479177,0.6113900820941696,bonf,1.731,-0.3081160118041655,median_pupil_size
Block,-,3,4,True,True,-1.0753066702111966,65.0,two-sided,0.286212762204339,1.0,bonf,0.234,-0.09830644287987786,median_pupil_size
Block,-,3,5,True,True,-1.376212033815709,65.0,two-sided,0.1734789232897821,1.0,bonf,0.331,-0.17878301376198405,median_pupil_size
Block,-,3,6,True,True,-2.185824998721624,65.0,two-sided,0.03243658206856001,0.9082242979196803,bonf,1.242,-0.22466022808415562,median_pupil_size
Block,-,3,7,True,True,-3.103743969698152,65.0,two-sided,0.0028285813345111403,0.07920027736631192,bonf,10.226,-0.3782487788931346,median_pupil_size
Block,-,3,8,True,True,-3.1867267097352334,65.0,two-sided,0.002212258282220887,0.06194323190218483,bonf,12.726,-0.4123405966489853,median_pupil_size
Block,-,4,5,True,True,-0.7078237568251466,65.0,two-sided,0.48158514011685205,1.0,bonf,0.172,-0.0742543693695562,median_pupil_size
Block,-,4,6,True,True,-1.2676151510943785,65.0,two-sided,0.20945773161414416,1.0,bonf,0.29,-0.12720135711476657,median_pupil_size
Block,-,4,7,True,True,-2.612224973141338,65.0,two-sided,0.011161115187377718,0.3125112252465761,bonf,3.071,-0.2826503096914285,median_pupil_size
Block,-,4,8,True,True,-2.5589757981558545,65.0,two-sided,0.012835195517138754,0.3593854744798851,bonf,2.722,-0.31035678936254,median_pupil_size
Block,-,5,6,True,True,-0.5514009798278675,65.0,two-sided,0.5832494534643196,1.0,bonf,0.156,-0.06251425275946486,median_pupil_size
Block,-,5,7,True,True,-1.9556550673726179,65.0,two-sided,0.05480675612644808,1.0,bonf,0.807,-0.23113291374704986,median_pupil_size
Block,-,5,8,True,True,-2.201453632843872,65.0,two-sided,0.03125994276445504,0.8752783974047411,bonf,1.281,-0.25925294665678655,median_pupil_size
Block,-,6,7,True,True,-1.2541249045580807,65.0,two-sided,0.21428809123932538,1.0,bonf,0.285,-0.1565253960763209,median_pupil_size
Block,-,6,8,True,True,-1.3940481059746428,65.0,two-sided,0.1680505168697635,1.0,bonf,0.339,-0.1744211569289952,median_pupil_size
Block,-,7,8,True,True,-0.044364849067940845,65.0,two-sided,0.9647495930428016,1.0,bonf,0.135,-0.004351075087656715,median_pupil_size
Subject_Type,-,0,1,False,True,1.7555223857470241,49.292882571455124,two-sided,0.08538277522435042,,,0.956,0.41893568342128235,median_pupil_size
Block * Subject_Type,1,0,1,False,True,2.7217749955635875,48.697539077534934,two-sided,0.008982434521126618,0.07185947616901295,bonf,5.426,0.6526113869876591,median_pupil_size
Block * Subject_Type,2,0,1,False,True,1.0284889181561252,48.733393494581534,two-sided,0.30879771588172106,1.0,bonf,0.416,0.24653434181512424,median_pupil_size
Block * Subject_Type,3,0,1,False,True,2.029313501848559,36.86318475932015,two-sided,0.04969316996736023,0.39754535973888183,bonf,1.458,0.5432695294461362,median_pupil_size
Block * Subject_Type,4,0,1,False,True,2.271815040178647,54.87031724617766,two-sided,0.02704039000777455,0.2163231200621964,bonf,2.22,0.5190104232205285,median_pupil_size
Block * Subject_Type,5,0,1,False,True,0.10517252681143971,43.45164021596029,two-sided,0.9167229216472615,1.0,bonf,0.269,0.02635637805609144,median_pupil_size
Block * Subject_Type,6,0,1,False,True,0.476481265849187,32.90243993315282,two-sided,0.6368807419037443,1.0,bonf,0.294,0.1340636658362757,median_pupil_size
Block * Subject_Type,7,0,1,False,True,1.5715482132745324,53.428392781127286,two-sided,0.12195922150926268,0.9756737720741014,bonf,0.744,0.3630994753929715,median_pupil_size
Block * Subject_Type,8,0,1,False,True,0.064774881875061,61.84823477334607,two-sided,0.9485621549848737,1.0,bonf,0.268,0.013898453616245822,median_pupil_size
Block,-,1,2,True,True,2.7005649220780445,65.0,two-sided,0.008816357872539768,0.24685802043111352,bonf,3.766,0.4830078221427363,max_pupil_contraction_rate
Block,-,1,3,True,True,1.1844035295182511,65.0,two-sided,0.2405662336665842,1.0,bonf,0.263,0.21182042575293952,max_pupil_contraction_rate
Block,-,1,4,True,True,1.7596538781430067,65.0,two-sided,0.08317182324719202,1.0,bonf,0.579,0.2944264125156386,max_pupil_contraction_rate
Block,-,1,5,True,True,1.2227433820461786,65.0,two-sided,0.2258416335376721,1.0,bonf,0.275,0.21581139929084364,max_pupil_contraction_rate
Block,-,1,6,True,True,0.4930111214497156,65.0,two-sided,0.6236662064116398,1.0,bonf,0.152,0.08655515167119161,max_pupil_contraction_rate
Block,-,1,7,True,True,1.3704179979713416,65.0,two-sided,0.17527089483446093,1.0,bonf,0.329,0.24783390360882843,max_pupil_contraction_rate
Block,-,1,8,True,True,2.242992353951827,65.0,two-sided,0.02831292061195848,0.7927617771348374,bonf,1.391,0.3444756401590839,max_pupil_contraction_rate
Block,-,2,3,True,True,-1.801185021458231,65.0,two-sided,0.0763123076300556,1.0,bonf,0.619,-0.31691496109260203,max_pupil_contraction_rate
Block,-,2,4,True,True,-0.3607253583184056,65.0,two-sided,0.719474456539122,1.0,bonf,0.144,-0.06501635915742825,max_pupil_contraction_rate
Block,-,2,5,True,True,-1.6701169091115673,65.0,two-sided,0.09970545411000396,1.0,bonf,0.502,-0.28817478260843093,max_pupil_contraction_rate
Block,-,2,6,True,True,-2.1949568451547607,65.0,two-sided,0.03174444101809149,0.8888443485065618,bonf,1.264,-0.3944133543351021,max_pupil_contraction_rate
Block,-,2,7,True,True,-1.6204736659947914,65.0,two-sided,0.10997232855693619,1.0,bonf,0.466,-0.2783928994419262,max_pupil_contraction_rate
Block,-,2,8,True,True,-0.5235915846599242,65.0,two-sided,0.6023432851314663,1.0,bonf,0.154,-0.09572666260051346,max_pupil_contraction_rate
Block,-,3,4,True,True,1.0375350352657524,65.0,two-sided,0.30333095287099665,1.0,bonf,0.226,0.17399633812305193,max_pupil_contraction_rate
Block,-,3,5,True,True,0.1177945365371392,65.0,two-sided,0.9065937069621632,1.0,bonf,0.136,0.020267435004460585,max_pupil_contraction_rate
Block,-,3,6,True,True,-0.6833770184621984,65.0,two-sided,0.49679744785170965,1.0,bonf,0.169,-0.10923227321887947,max_pupil_contraction_rate
Block,-,3,7,True,True,0.26849624404807465,65.0,two-sided,0.7891676892731764,1.0,bonf,0.14,0.04197073351598529,max_pupil_contraction_rate
Block,-,3,8,True,True,1.184153309459119,65.0,two-sided,0.24066455395206499,1.0,bonf,0.263,0.1912787299762596,max_pupil_contraction_rate
Block,-,4,5,True,True,-0.9157523686694684,65.0,two-sided,0.36318177856918676,1.0,bonf,0.202,-0.1571454460065429,max_pupil_contraction_rate
Block,-,4,6,True,True,-1.3893182465440834,65.0,two-sided,0.16947717448480082,1.0,bonf,0.337,-0.23684296210975742,max_pupil_contraction_rate
Block,-,4,7,True,True,-0.8448109522048819,65.0,two-sided,0.40131527585811533,1.0,bonf,0.19,-0.14673730620384984,max_pupil_contraction_rate
Block,-,4,8,True,True,-0.09716806611775404,65.0,two-sided,0.9228919225976013,1.0,bonf,0.136,-0.016500507730362497,max_pupil_contraction_rate
Block,-,5,6,True,True,-0.7367200741569688,65.0,two-sided,0.46394341850058096,1.0,bonf,0.175,-0.12154161011351389,max_pupil_contraction_rate
Block,-,5,7,True,True,0.12043093857859313,65.0,two-sided,0.9045132757064483,1.0,bonf,0.136,0.01955507898391399,max_pupil_contraction_rate
Block,-,5,8,True,True,0.8859918472508368,65.0,two-sided,0.3788880846071305,1.0,bonf,0.197,0.16884725900000888,max_pupil_contraction_rate
Block,-,6,7,True,True,1.1232753792894985,65.0,two-sided,0.26545226814480705,1.0,bonf,0.246,0.1462467643245675,max_pupil_contraction_rate
Block,-,6,8,True,True,1.52945005343749,65.0,two-sided,0.13100525459388845,1.0,bonf,0.408,0.2678099676020214,max_pupil_contraction_rate
Block,-,7,8,True,True,0.985859590349238,65.0,two-sided,0.3278576245980007,1.0,bonf,0.215,0.15687838372886403,max_pupil_contraction_rate
Subject_Type,-,0,1,False,True,-1.0141644721900205,47.937116937421116,two-sided,0.31559590104727214,,,0.411,-0.24466368705142227,max_pupil_contraction_rate
Block * Subject_Type,1,0,1,False,True,-0.5047664305698472,58.011565646817154,two-sided,0.6156350335914689,1.0,bonf,0.298,-0.11241503550395822,max_pupil_contraction_rate
Block * Subject_Type,2,0,1,False,True,-3.043822080103861,63.1678137377292,two-sided,0.0034026259275957375,0.0272210074207659,bonf,11.205,-0.6062631772747478,max_pupil_contraction_rate
Block * Subject_Type,3,0,1,False,True,0.6719906798503512,30.116784086071824,two-sided,0.5067124120482526,1.0,bonf,0.323,0.19723481752495628,max_pupil_contraction_rate
Block * Subject_Type,4,0,1,False,True,-0.5982264420586594,63.979079299280244,two-sided,0.5518008148331873,1.0,bonf,0.311,-0.12188905139106133,max_pupil_contraction_rate
Block * Subject_Type,5,0,1,False,True,0.25592792717840673,29.671724298635404,two-sided,0.7997724743055893,1.0,bonf,0.275,0.07568176292700818,max_pupil_contraction_rate
Block * Subject_Type,6,0,1,False,True,0.7984458024216832,36.124345805110494,two-sided,0.4298299888326895,1.0,bonf,0.349,0.21558817476421377,max_pupil_contraction_rate
Block * Subject_Type,7,0,1,False,True,0.6400281068523166,37.07396650151389,two-sided,0.5260902226476059,1.0,bonf,0.317,0.17093405260097816,max_pupil_contraction_rate
Block * Subject_Type,8,0,1,False,True,-1.1199019574277485,60.39314524666068,two-sided,0.2671896153030971,1.0,bonf,0.451,-0.24408255862171171,max_pupil_contraction_rate
Block,-,1,2,True,True,-1.9381102750006798,65.0,two-sided,0.056955402129749255,1.0,bonf,0.783,-0.27617815603489493,mean_pupil_contraction_rate
Block,-,1,3,True,True,-2.6301987243953495,65.0,two-sided,0.01064248637455744,0.2979896184876083,bonf,3.199,-0.43601332798794423,mean_pupil_contraction_rate
Block,-,1,4,True,True,-3.462231110102005,65.0,two-sided,0.0009522725936263296,0.02666363262153723,bonf,27.097,-0.5777200977370467,mean_pupil_contraction_rate
Block,-,1,5,True,True,-2.1004395861854013,65.0,two-sided,0.039574369887904616,1.0,bonf,1.053,-0.32579807000847233,mean_pupil_contraction_rate
Block,-,1,6,True,True,-0.912937415302091,65.0,two-sided,0.3646492934888689,1.0,bonf,0.201,-0.14643446461658735,mean_pupil_contraction_rate
Block,-,1,7,True,True,-0.7922812281293415,65.0,two-sided,0.4310788364144068,1.0,bonf,0.182,-0.12605191545935185,mean_pupil_contraction_rate
Block,-,1,8,True,True,-2.6452140425269812,65.0,two-sided,0.010226138123060282,0.2863318674456879,bonf,3.312,-0.42236212673486445,mean_pupil_contraction_rate
Block,-,2,3,True,True,-0.7681106133769543,65.0,two-sided,0.4452030992506717,1.0,bonf,0.179,-0.11837594831097237,mean_pupil_contraction_rate
Block,-,2,4,True,True,-1.4764722894584192,65.0,two-sided,0.14464567257767375,1.0,bonf,0.379,-0.2475501983888099,mean_pupil_contraction_rate
Block,-,2,5,True,True,-0.2502011173905796,65.0,two-sided,0.8032209381229093,1.0,bonf,0.139,-0.03933845694879105,mean_pupil_contraction_rate
Block,-,2,6,True,True,0.775416029652914,65.0,two-sided,0.4409058982642452,1.0,bonf,0.18,0.1300663202128081,mean_pupil_contraction_rate
Block,-,2,7,True,True,1.071881500760061,65.0,two-sided,0.28773696733241716,1.0,bonf,0.234,0.15670350688193133,mean_pupil_contraction_rate
Block,-,2,8,True,True,-0.545021748014185,65.0,two-sided,0.587603828703735,1.0,bonf,0.156,-0.09724714011928572,mean_pupil_contraction_rate
Block,-,3,4,True,True,-1.0108911891488983,65.0,two-sided,0.31581684632013646,1.0,bonf,0.22,-0.15328081671840557,mean_pupil_contraction_rate
Block,-,3,5,True,True,0.48441081420506577,65.0,two-sided,0.6297226577390802,1.0,bonf,0.151,0.07849141456946386,mean_pupil_contraction_rate
Block,-,3,6,True,True,1.878496019532998,65.0,two-sided,0.06479932562473331,1.0,bonf,0.705,0.2680878307062048,mean_pupil_contraction_rate
Block,-,3,7,True,True,1.8616500934088656,65.0,two-sided,0.06717463525640345,1.0,bonf,0.685,0.30359843186770574,mean_pupil_contraction_rate
Block,-,3,8,True,True,0.15740440351205806,65.0,two-sided,0.8754140829556021,1.0,bonf,0.137,0.02918581755201539,mean_pupil_contraction_rate
Block,-,4,5,True,True,1.324933224430395,65.0,two-sided,0.18983229385952258,1.0,bonf,0.311,0.21303662012765598,mean_pupil_contraction_rate
Block,-,4,6,True,True,2.654036015372713,65.0,two-sided,0.009988493163077034,0.2796778085661569,bonf,3.38,0.403366427620354,mean_pupil_contraction_rate
Block,-,4,7,True,True,2.855561279964622,65.0,two-sided,0.0057609565461345085,0.16130678329176623,bonf,5.459,0.44503138773451817,mean_pupil_contraction_rate
Block,-,4,8,True,True,1.1572807570771715,65.0,two-sided,0.2513928272931415,1.0,bonf,0.255,0.19015938308932046,mean_pupil_contraction_rate
Block,-,5,6,True,True,1.2771537819911454,65.0,two-sided,0.20609131269474695,1.0,bonf,0.293,0.17428301749089015,mean_pupil_contraction_rate
Block,-,5,7,True,True,1.4408916149400797,65.0,two-sided,0.15441536949566123,1.0,bonf,0.361,0.2031450652298392,mean_pupil_contraction_rate
Block,-,5,8,True,True,-0.31467519011844686,65.0,two-sided,0.7540161782913555,1.0,bonf,0.142,-0.05539546055655818,mean_pupil_contraction_rate
Block,-,6,7,True,True,0.17220745790409978,65.0,two-sided,0.8638094938686331,1.0,bonf,0.137,0.023738754004126245,mean_pupil_contraction_rate
Block,-,6,8,True,True,-1.403198417877307,65.0,two-sided,0.16531674096885154,1.0,bonf,0.343,-0.2504421505265489,mean_pupil_contraction_rate
Block,-,7,8,True,True,-1.947751089576517,65.0,two-sided,0.055766015237638196,1.0,bonf,0.796,-0.28649389915602697,mean_pupil_contraction_rate
Subject_Type,-,0,1,False,True,-0.9354472024657461,57.65734001233133,two-sided,0.35345943101334987,,,0.385,-0.20895386817617498,mean_pupil_contraction_rate
Block * Subject_Type,1,0,1,False,True,-0.003775013769258764,50.247332220063804,two-sided,0.9970029298496876,1.0,bonf,0.267,-0.0008940978158811957,mean_pupil_contraction_rate
Block * Subject_Type,2,0,1,False,True,-0.6698240749984651,59.37949715283657,two-sided,0.5055664468145296,1.0,bonf,0.323,-0.14739478706128087,mean_pupil_contraction_rate
Block * Subject_Type,3,0,1,False,True,-1.5393603451990874,54.25453603388925,two-sided,0.12952885525556196,1.0,bonf,0.714,-0.35337870849954806,mean_pupil_contraction_rate
Block * Subject_Type,4,0,1,False,True,-0.8875993022248724,46.18774710358107,two-sided,0.3793552095165902,1.0,bonf,0.371,-0.21723447281996944,mean_pupil_contraction_rate
Block * Subject_Type,5,0,1,False,True,-0.1512869617273478,62.257079488473096,two-sided,0.8802385091907634,1.0,bonf,0.27,-0.03229620676596068,mean_pupil_contraction_rate
Block * Subject_Type,6,0,1,False,True,-0.4701247341893096,46.16658621631734,two-sided,0.6404792433522595,1.0,bonf,0.293,-0.11508052192640053,mean_pupil_contraction_rate
Block * Subject_Type,7,0,1,False,True,-0.7855697901973577,48.69310092022029,two-sided,0.4359255413076977,1.0,bonf,0.346,-0.18836605021619482,mean_pupil_contraction_rate
Block * Subject_Type,8,0,1,False,True,0.5695294587279105,37.86720644640457,two-sided,0.572360214538667,1.0,bonf,0.306,0.15077498991728783,mean_pupil_contraction_rate
Block,-,1,2,True,True,-0.48666037876921864,65.0,two-sided,0.6281359998573128,1.0,bonf,0.151,-0.04180870370447243,median_pupil_contraction_rate
Block,-,1,3,True,True,-1.0812341103189094,65.0,two-sided,0.28358824926449483,1.0,bonf,0.236,-0.11343693815121209,median_pupil_contraction_rate
Block,-,1,4,True,True,-0.4086307443245335,65.0,two-sided,0.6841538277856081,1.0,bonf,0.146,-0.04736676173113147,median_pupil_contraction_rate
Block,-,1,5,True,True,-1.931000178210496,65.0,two-sided,0.057846349322648996,1.0,bonf,0.773,-0.21328142519428028,median_pupil_contraction_rate
Block,-,1,6,True,True,0.07895043785701444,65.0,two-sided,0.937314600182704,1.0,bonf,0.135,0.00842780807990377,median_pupil_contraction_rate
Block,-,1,7,True,True,0.930726327828475,65.0,two-sided,0.3554391223481046,1.0,bonf,0.204,0.11716438812824222,median_pupil_contraction_rate
Block,-,1,8,True,True,-1.4735992330043506,65.0,two-sided,0.1454161248510612,1.0,bonf,0.377,-0.2037036942214911,median_pupil_contraction_rate
Block,-,2,3,True,True,-0.6927296419055398,65.0,two-sided,0.49094688219889615,1.0,bonf,0.17,-0.06945012643036592,median_pupil_contraction_rate
Block,-,2,4,True,True,-0.06660296560584296,65.0,two-sided,0.9471022242841104,1.0,bonf,0.135,-0.006606325847211588,median_pupil_contraction_rate
Block,-,2,5,True,True,-1.5953283714102533,65.0,two-sided,0.11548994298191917,1.0,bonf,0.449,-0.170581755947915,median_pupil_contraction_rate
Block,-,2,6,True,True,0.45790533608492723,65.0,two-sided,0.6485475631196694,1.0,bonf,0.149,0.04861447780223981,median_pupil_contraction_rate
Block,-,2,7,True,True,1.3396611479912155,65.0,two-sided,0.18502065296517436,1.0,bonf,0.316,0.15972632190113006,median_pupil_contraction_rate
Block,-,2,8,True,True,-1.0854372582633587,65.0,two-sided,0.2817373421604239,1.0,bonf,0.237,-0.15870324301500596,median_pupil_contraction_rate
Block,-,3,4,True,True,0.6294072193740213,65.0,two-sided,0.531288567144061,1.0,bonf,0.163,0.06052055789675633,median_pupil_contraction_rate
Block,-,3,5,True,True,-1.000827024609692,65.0,two-sided,0.32062177184996404,1.0,bonf,0.218,-0.10949224283079112,median_pupil_contraction_rate
Block,-,3,6,True,True,1.2300922677734982,65.0,two-sided,0.22309605086754514,1.0,bonf,0.277,0.11731234907254359,median_pupil_contraction_rate
Block,-,3,7,True,True,2.1054351143833605,65.0,two-sided,0.03912197566378421,1.0,bonf,1.063,0.2389284891425278,median_pupil_contraction_rate
Block,-,3,8,True,True,-0.6567737660036047,65.0,two-sided,0.5136450713134465,1.0,bonf,0.166,-0.09355404647905108,median_pupil_contraction_rate
Block,-,4,5,True,True,-1.467944244087178,65.0,two-sided,0.14694198220645305,1.0,bonf,0.374,-0.15906595707198465,median_pupil_contraction_rate
Block,-,4,6,True,True,0.5077246912975953,65.0,two-sided,0.6133650070119084,1.0,bonf,0.153,0.053846524943195945,median_pupil_contraction_rate
Block,-,4,7,True,True,1.3724065930874834,65.0,two-sided,0.174654278711073,1.0,bonf,0.33,0.16244536888750308,median_pupil_contraction_rate
Block,-,4,8,True,True,-1.0856449242450323,65.0,two-sided,0.2816461118124987,1.0,bonf,0.237,-0.14669965278036082,median_pupil_contraction_rate
Block,-,5,6,True,True,2.4224345342267246,65.0,two-sided,0.01821349677212757,0.5099779096195719,bonf,2.018,0.21278638915726256,median_pupil_contraction_rate
Block,-,5,7,True,True,3.608938373748016,65.0,two-sided,0.0005981625066919319,0.016748550187374093,bonf,41.252,0.33715035318735176,median_pupil_contraction_rate
Block,-,5,8,True,True,0.2004960564668207,65.0,two-sided,0.8417186554711125,1.0,bonf,0.138,0.022481637543472446,median_pupil_contraction_rate
Block,-,6,7,True,True,1.1616981973654195,65.0,two-sided,0.24960618753700625,1.0,bonf,0.257,0.10411124109608895,median_pupil_contraction_rate
Block,-,6,8,True,True,-1.7533076565642294,65.0,two-sided,0.08426372197486737,1.0,bonf,0.573,-0.20314960923975378,median_pupil_contraction_rate
Block,-,7,8,True,True,-3.521274929157277,65.0,two-sided,0.0007907766898107509,0.022141747314701025,bonf,32.044,-0.3341662214808002,median_pupil_contraction_rate
Subject_Type,-,0,1,False,True,-2.3718377078731234,62.53991253224629,two-sided,0.020790976453384024,,,2.674,-0.5044041790486843,median_pupil_contraction_rate
Block * Subject_Type,1,0,1,False,True,-0.48870105167986144,45.427888502066615,two-sided,0.6274043878004119,1.0,bonf,0.296,-0.12037599812821304,median_pupil_contraction_rate
Block * Subject_Type,2,0,1,False,True,-1.8365323720573619,62.24769781904364,two-sided,0.07105475988887332,0.5684380791109865,bonf,1.077,-0.39210424272432925,median_pupil_contraction_rate
Block * Subject_Type,3,0,1,False,True,-1.1308379448292096,50.925276437109446,two-sided,0.2634209602221471,1.0,bonf,0.455,-0.2664151980520888,median_pupil_contraction_rate
Block * Subject_Type,4,0,1,False,True,-2.82993718733374,63.68231549323786,two-sided,0.006220933451641474,0.04976746761313179,bonf,6.869,-0.5892919645777822,median_pupil_contraction_rate
Block * Subject_Type,5,0,1,False,True,-2.464778013548774,63.75538109730892,two-sided,0.016414971039293638,0.1313197683143491,bonf,3.2,-0.4969931256619876,median_pupil_contraction_rate
Block * Subject_Type,6,0,1,False,True,-1.5821113235234523,60.13102079043078,two-sided,0.11887027002480595,0.9509621601984476,bonf,0.755,-0.3457032515331308,median_pupil_contraction_rate
Block * Subject_Type,7,0,1,False,True,-2.2084152876581484,54.7835793845729,two-sided,0.031418556001685936,0.2513484480134875,bonf,1.98,-0.5048705436760845,median_pupil_contraction_rate
Block * Subject_Type,8,0,1,False,True,-2.452556908473999,57.60650336736383,two-sided,0.017235313351894672,0.13788250681515737,bonf,3.124,-0.5480686885247643,median_pupil_contraction_rate
Block,-,1,2,True,True,-0.2659800352272548,65.0,two-sided,0.7910964509265158,1.0,bonf,0.14,-0.03379312390882371,max_pupil_dilation_rate
Block,-,1,3,True,True,0.6404511408072762,65.0,two-sided,0.5241307622946695,1.0,bonf,0.164,0.07724059131637293,max_pupil_dilation_rate
Block,-,1,4,True,True,-0.017463588190654866,65.0,two-sided,0.986120275955687,1.0,bonf,0.135,-0.0026895404455947727,max_pupil_dilation_rate
Block,-,1,5,True,True,0.9235359466960633,65.0,two-sided,0.35914369804788804,1.0,bonf,0.203,0.12825070808758482,max_pupil_dilation_rate
Block,-,1,6,True,True,-1.0355371477643358,65.0,two-sided,0.30425540304607507,1.0,bonf,0.225,-0.1442914626741433,max_pupil_dilation_rate
Block,-,1,7,True,True,-0.7238087853992391,65.0,two-sided,0.4717801425096725,1.0,bonf,0.174,-0.10487300829200526,max_pupil_dilation_rate
Block,-,1,8,True,True,1.9149529680862056,65.0,two-sided,0.05990082261363572,1.0,bonf,0.751,0.2978669089358349,max_pupil_dilation_rate
Block,-,2,3,True,True,0.9793298747685432,65.0,two-sided,0.33104806112854956,1.0,bonf,0.213,0.10302474352033779,max_pupil_dilation_rate
Block,-,2,4,True,True,0.18600999092243423,65.0,two-sided,0.8530162079330236,1.0,bonf,0.137,0.027523850772793162,max_pupil_dilation_rate
Block,-,2,5,True,True,0.9927572511925803,65.0,two-sided,0.32450965334513293,1.0,bonf,0.216,0.14933150980466176,max_pupil_dilation_rate
Block,-,2,6,True,True,-0.6420924345546725,65.0,two-sided,0.5230713365818982,1.0,bonf,0.165,-0.10493152572379569,max_pupil_dilation_rate
Block,-,2,7,True,True,-0.4503379372850442,65.0,two-sided,0.6539652897738175,1.0,bonf,0.149,-0.06315231558665553,max_pupil_dilation_rate
Block,-,2,8,True,True,2.123166516395198,65.0,two-sided,0.037552315211474535,1.0,bonf,1.1,0.30353653144755277,max_pupil_dilation_rate
Block,-,3,4,True,True,-0.4548588433506082,65.0,two-sided,0.650726371060218,1.0,bonf,0.149,-0.07032800822794637,max_pupil_dilation_rate
Block,-,3,5,True,True,0.3728470470122413,65.0,two-sided,0.7104753681873243,1.0,bonf,0.144,0.05088575311338753,max_pupil_dilation_rate
Block,-,3,6,True,True,-1.3081926305127898,65.0,two-sided,0.19541534029665725,1.0,bonf,0.304,-0.20573824764433954,max_pupil_dilation_rate
Block,-,3,7,True,True,-1.1604905523528983,65.0,two-sided,0.2500937171213957,1.0,bonf,0.256,-0.17485168627893616,max_pupil_dilation_rate
Block,-,3,8,True,True,1.5483421269124256,65.0,two-sided,0.12639541763668563,1.0,bonf,0.419,0.2097389138826697,max_pupil_dilation_rate
Block,-,4,5,True,True,0.9537118462703902,65.0,two-sided,0.34376285958782926,1.0,bonf,0.208,0.11560992298383423,max_pupil_dilation_rate
Block,-,4,6,True,True,-0.965335115977264,65.0,two-sided,0.33795491886093654,1.0,bonf,0.211,-0.1276807092334152,max_pupil_dilation_rate
Block,-,4,7,True,True,-0.6618145219113768,65.0,two-sided,0.510429597542969,1.0,bonf,0.167,-0.08946779639648658,max_pupil_dilation_rate
Block,-,4,8,True,True,1.6782587293678533,65.0,two-sided,0.09809873396409576,1.0,bonf,0.509,0.2621586331990458,max_pupil_dilation_rate
Block,-,5,6,True,True,-1.7975512490830496,65.0,two-sided,0.07689301698881673,1.0,bonf,0.616,-0.2474624950811607,max_pupil_dilation_rate
Block,-,5,7,True,True,-1.3561544970853308,65.0,two-sided,0.17974247030007404,1.0,bonf,0.323,-0.22175534792073792,max_pupil_dilation_rate
Block,-,5,8,True,True,0.9323302039229883,65.0,two-sided,0.35461616162109066,1.0,bonf,0.205,0.15285970177929037,max_pupil_dilation_rate
Block,-,6,7,True,True,0.36123412832984264,65.0,two-sided,0.7190959363599696,1.0,bonf,0.144,0.05009515622393821,max_pupil_dilation_rate
Block,-,6,8,True,True,2.7505434940118305,65.0,two-sided,0.007698469712889341,0.21555715196090153,bonf,4.237,0.3943274103780017,max_pupil_dilation_rate
Block,-,7,8,True,True,2.69181798771991,65.0,two-sided,0.00902662305938586,0.2527454456628041,bonf,3.69,0.3879110139167957,max_pupil_dilation_rate
Subject_Type,-,0,1,False,True,0.7834341466339867,34.84049118655013,two-sided,0.43866574360867594,,,0.346,0.21485920073078382,max_pupil_dilation_rate
Block * Subject_Type,1,0,1,False,True,0.8743728317445114,36.16531161885428,two-sided,0.3876849468743797,1.0,bonf,0.368,0.23597549802346027,max_pupil_dilation_rate
Block * Subject_Type,2,0,1,False,True,0.44460492317728395,41.861506951888984,two-sided,0.6588955677400403,1.0,bonf,0.291,0.11305439554722929,max_pupil_dilation_rate
Block * Subject_Type,3,0,1,False,True,0.664768103226562,49.3226883261281,two-sided,0.5092952035670522,1.0,bonf,0.322,0.15860189226495913,max_pupil_dilation_rate
Block * Subject_Type,4,0,1,False,True,-0.4354325639215361,41.78671994234687,two-sided,0.6654894458109126,1.0,bonf,0.29,-0.11079993057987339,max_pupil_dilation_rate
Block * Subject_Type,5,0,1,False,True,0.03833872776948759,39.97862590623762,two-sided,0.9696084248844631,1.0,bonf,0.268,0.009928386736067985,max_pupil_dilation_rate
Block * Subject_Type,6,0,1,False,True,0.7218977850662637,33.55984133179083,two-sided,0.4753575182733806,1.0,bonf,0.332,0.20129775926362042,max_pupil_dilation_rate
Block * Subject_Type,7,0,1,False,True,0.5166609785028172,33.550601801434006,two-sided,0.6087819843447346,1.0,bonf,0.299,0.14408631951552864,max_pupil_dilation_rate
Block * Subject_Type,8,0,1,False,True,1.9788355449892874,63.8561911938714,two-sided,0.052150677646072764,0.4172054211685821,bonf,1.343,0.40037496865100497,max_pupil_dilation_rate
Block,-,1,2,True,True,1.4136425466063016,65.0,two-sided,0.16223841646836692,1.0,bonf,0.348,0.1925972222955787,mean_pupil_dilation_rate
Block,-,1,3,True,True,1.0596488548718688,65.0,two-sided,0.29322619457609517,1.0,bonf,0.231,0.13288558869314226,mean_pupil_dilation_rate
Block,-,1,4,True,True,1.9886973014257108,65.0,two-sided,0.05094763877942824,1.0,bonf,0.857,0.30772660634036086,mean_pupil_dilation_rate
Block,-,1,5,True,True,1.081543262505219,65.0,two-sided,0.2834518239248455,1.0,bonf,0.236,0.17849358432266646,mean_pupil_dilation_rate
Block,-,1,6,True,True,-0.48915438364060804,65.0,two-sided,0.6263789871621535,1.0,bonf,0.151,-0.08344972617512213,mean_pupil_dilation_rate
Block,-,1,7,True,True,-0.6415778054492325,65.0,two-sided,0.5234033993584132,1.0,bonf,0.164,-0.10153501436400392,mean_pupil_dilation_rate
Block,-,1,8,True,True,1.443070030938818,65.0,two-sided,0.15380283808539938,1.0,bonf,0.362,0.23163324438960825,mean_pupil_dilation_rate
Block,-,2,3,True,True,-0.443652731985115,65.0,two-sided,0.658767010259942,1.0,bonf,0.148,-0.05353638522749218,mean_pupil_dilation_rate
Block,-,2,4,True,True,0.8216745417262907,65.0,two-sided,0.4142659223552093,1.0,bonf,0.187,0.12324732020838951,mean_pupil_dilation_rate
Block,-,2,5,True,True,-0.0999352316454318,65.0,two-sided,0.9207033374378268,1.0,bonf,0.136,-0.015506264999865307,mean_pupil_dilation_rate
Block,-,2,6,True,True,-1.7566634814034228,65.0,two-sided,0.08368486592803909,1.0,bonf,0.576,-0.2678989094312383,mean_pupil_dilation_rate
Block,-,2,7,True,True,-2.3260409569420384,65.0,two-sided,0.02314623888265818,0.648094688714429,bonf,1.648,-0.30395938866388145,mean_pupil_dilation_rate
Block,-,2,8,True,True,0.24820218515826628,65.0,two-sided,0.8047604451578672,1.0,bonf,0.139,0.035023167433834664,mean_pupil_dilation_rate
Block,-,3,4,True,True,1.1930854252657919,65.0,two-sided,0.237172724911974,1.0,bonf,0.266,0.1702370540006811,mean_pupil_dilation_rate
Block,-,3,5,True,True,0.2783971449007012,65.0,two-sided,0.7815912399149403,1.0,bonf,0.14,0.03897440611743039,mean_pupil_dilation_rate
Block,-,3,6,True,True,-1.4361907481573684,65.0,two-sided,0.15574362876136197,1.0,bonf,0.359,-0.20900598034671097,mean_pupil_dilation_rate
Block,-,3,7,True,True,-1.6250970430985072,65.0,two-sided,0.10898139769629064,1.0,bonf,0.469,-0.23749875081844457,mean_pupil_dilation_rate
Block,-,3,8,True,True,0.5722512771358619,65.0,two-sided,0.5691257561569355,1.0,bonf,0.158,0.08835941196360764,mean_pupil_dilation_rate
Block,-,4,5,True,True,-1.0682132395935717,65.0,two-sided,0.28937555182546343,1.0,bonf,0.233,-0.13900089540016908,mean_pupil_dilation_rate
Block,-,4,6,True,True,-2.550311124575703,65.0,two-sided,0.013128162433363835,0.3675885481341874,bonf,2.67,-0.3755714828193798,mean_pupil_dilation_rate
Block,-,4,7,True,True,-3.155321210767485,65.0,two-sided,0.0024289990972821453,0.06801197472390007,bonf,11.709,-0.42061695088758855,mean_pupil_dilation_rate
Block,-,4,8,True,True,-0.6286547044256863,65.0,two-sided,0.5317781280029832,1.0,bonf,0.163,-0.09278759442121534,mean_pupil_dilation_rate
Block,-,5,6,True,True,-1.8784348066817649,65.0,two-sided,0.06480782672270655,1.0,bonf,0.705,-0.2548332226779107,mean_pupil_dilation_rate
Block,-,5,7,True,True,-1.8819132307446664,65.0,two-sided,0.06432624226708701,1.0,bonf,0.71,-0.2898912047904662,mean_pupil_dilation_rate
Block,-,5,8,True,True,0.30911492004610636,65.0,two-sided,0.7582227900416378,1.0,bonf,0.141,0.05119759093288129,mean_pupil_dilation_rate
Block,-,6,7,True,True,-0.08524548085638912,65.0,two-sided,0.9323282621856275,1.0,bonf,0.136,-0.01057563550345188,mean_pupil_dilation_rate
Block,-,6,8,True,True,2.0779369713796467,65.0,two-sided,0.0416689627305064,1.0,bonf,1.01,0.3060973545883311,mean_pupil_dilation_rate
Block,-,7,8,True,True,2.984262052402434,65.0,two-sided,0.004001765879735281,0.11204944463258787,bonf,7.522,0.3477470378767229,mean_pupil_dilation_rate
Subject_Type,-,0,1,False,True,1.139067470231294,40.21108079383799,two-sided,0.2614155101946305,,,0.459,0.2942952239237323,mean_pupil_dilation_rate
Block * Subject_Type,1,0,1,False,True,1.0306282558880258,44.731819559378,two-sided,0.3082557338461535,1.0,bonf,0.416,0.2553835448254496,mean_pupil_dilation_rate
Block * Subject_Type,2,0,1,False,True,1.2603684988551231,41.292081865703345,two-sided,0.21461256690126904,1.0,bonf,0.518,0.3222217503935435,mean_pupil_dilation_rate
Block * Subject_Type,3,0,1,False,True,0.1821489765987126,50.973253915521646,two-sided,0.8561882807789093,1.0,bonf,0.271,0.04289656165860977,mean_pupil_dilation_rate
Block * Subject_Type,4,0,1,False,True,0.6524281704649031,51.746078648239845,two-sided,0.517012939516623,1.0,bonf,0.319,0.15272532188006735,mean_pupil_dilation_rate
Block * Subject_Type,5,0,1,False,True,-1.0123310748359664,44.54760530012029,two-sided,0.3168468603680424,1.0,bonf,0.41,-0.25125078174691695,mean_pupil_dilation_rate
Block * Subject_Type,6,0,1,False,True,1.3944679504082473,49.86187434353306,two-sided,0.16935869952454446,1.0,bonf,0.6,0.3312786307262469,mean_pupil_dilation_rate
Block * Subject_Type,7,0,1,False,True,1.8004574134550566,40.4887003018191,two-sided,0.07924140480007845,0.6339312384006276,bonf,1.021,0.4639003762131231,mean_pupil_dilation_rate
Block * Subject_Type,8,0,1,False,True,0.41410502452924763,51.375713498774566,two-sided,0.6805210077101669,1.0,bonf,0.287,0.0972169249148607,mean_pupil_dilation_rate
Block,-,1,2,True,True,-0.8351606174091136,65.0,two-sided,0.4066865701181527,1.0,bonf,0.189,-0.07860563580615988,median_pupil_dilation_rate
Block,-,1,3,True,True,-0.36170858639742576,65.0,two-sided,0.7187430074658128,1.0,bonf,0.144,-0.03780552729879067,median_pupil_dilation_rate
Block,-,1,4,True,True,0.45323286919236844,65.0,two-sided,0.6518904971383961,1.0,bonf,0.149,0.044386956206084634,median_pupil_dilation_rate
Block,-,1,5,True,True,1.4286715590722738,65.0,two-sided,0.15788664500974306,1.0,bonf,0.355,0.15830845469716032,median_pupil_dilation_rate
Block,-,1,6,True,True,-0.2960178763501082,65.0,two-sided,0.7681601154110648,1.0,bonf,0.141,-0.03274570551218683,median_pupil_dilation_rate
Block,-,1,7,True,True,-0.8508545558091088,65.0,two-sided,0.3979737542597537,1.0,bonf,0.191,-0.09514845092807594,median_pupil_dilation_rate
Block,-,1,8,True,True,0.5681824009529337,65.0,two-sided,0.5718687933497804,1.0,bonf,0.158,0.07613834204230305,median_pupil_dilation_rate
Block,-,2,3,True,True,0.4800783093354486,65.0,two-sided,0.6327833765545139,1.0,bonf,0.151,0.047536316470492494,median_pupil_dilation_rate
Block,-,2,4,True,True,1.1324749492730646,65.0,two-sided,0.26159514205112927,1.0,bonf,0.249,0.11627251521165693,median_pupil_dilation_rate
Block,-,2,5,True,True,2.2364305772647635,65.0,two-sided,0.02876152252721067,0.8053226307618987,bonf,1.373,0.2303767195399877,median_pupil_dilation_rate
Block,-,2,6,True,True,0.4795576842350465,65.0,two-sided,0.6331516094965293,1.0,bonf,0.151,0.0493373248963411,median_pupil_dilation_rate
Block,-,2,7,True,True,-0.1595623250378709,65.0,two-sided,0.873720648443316,1.0,bonf,0.137,-0.014821966599434473,median_pupil_dilation_rate
Block,-,2,8,True,True,1.1884969533035519,65.0,two-sided,0.2389618928880676,1.0,bonf,0.264,0.15321283789662277,median_pupil_dilation_rate
Block,-,3,4,True,True,0.7123077688684436,65.0,two-sided,0.478823311502225,1.0,bonf,0.172,0.08201237806744299,median_pupil_dilation_rate
Block,-,3,5,True,True,1.7219166859962147,65.0,two-sided,0.0898405828052232,1.0,bonf,0.545,0.21106529358643925,median_pupil_dilation_rate
Block,-,3,6,True,True,0.03467641887324681,65.0,two-sided,0.9724440342385072,1.0,bonf,0.135,0.00383408384081932,median_pupil_dilation_rate
Block,-,3,7,True,True,-0.519919180697672,65.0,two-sided,0.6048861438349754,1.0,bonf,0.154,-0.06462307524394044,median_pupil_dilation_rate
Block,-,3,8,True,True,0.911436851058321,65.0,two-sided,0.36543312714890663,1.0,bonf,0.201,0.1216741958061097,median_pupil_dilation_rate
Block,-,4,5,True,True,0.8481405424698608,65.0,two-sided,0.3994722109963861,1.0,bonf,0.19,0.09964136774646357,median_pupil_dilation_rate
Block,-,4,6,True,True,-0.6918308906496744,65.0,two-sided,0.4915074493254744,1.0,bonf,0.17,-0.07585170104414928,median_pupil_dilation_rate
Block,-,4,7,True,True,-1.1474912450307397,65.0,two-sided,0.2553846922146613,1.0,bonf,0.253,-0.1322480612709887,median_pupil_dilation_rate
Block,-,4,8,True,True,0.20473462130959325,65.0,two-sided,0.8384192214374124,1.0,bonf,0.138,0.0243423058136324,median_pupil_dilation_rate
Block,-,5,6,True,True,-2.2178132244280375,65.0,two-sided,0.030068574639813543,0.8419200899147792,bonf,1.323,-0.1974171519350804,median_pupil_dilation_rate
Block,-,5,7,True,True,-2.5669707582956267,65.0,two-sided,0.01257013640148296,0.35196381924152287,bonf,2.772,-0.24999378662970856,median_pupil_dilation_rate
Block,-,5,8,True,True,-0.7046050077275525,65.0,two-sided,0.4835731138253928,1.0,bonf,0.171,-0.08637331117668691,median_pupil_dilation_rate
Block,-,6,7,True,True,-0.757019944719477,65.0,two-sided,0.4517733462365482,1.0,bonf,0.178,-0.06585294024266614,median_pupil_dilation_rate
Block,-,6,8,True,True,0.9720795679576635,65.0,two-sided,0.3346145752818829,1.0,bonf,0.212,0.11253038552395797,median_pupil_dilation_rate
Block,-,7,8,True,True,1.545650275709991,65.0,two-sided,0.12704424889929922,1.0,bonf,0.417,0.17151707075590245,median_pupil_dilation_rate
Subject_Type,-,0,1,False,True,1.7910667883704037,55.81477636534947,two-sided,0.07870537460270531,,,1.007,0.40613199288178126,median_pupil_dilation_rate
Block * Subject_Type,1,0,1,False,True,0.6663187636841329,45.00636023791907,two-sided,0.508608715935068,1.0,bonf,0.322,0.1647193067888577,median_pupil_dilation_rate
Block * Subject_Type,2,0,1,False,True,0.658609144106276,58.41544426145806,two-sided,0.5127344275625405,1.0,bonf,0.321,0.14617043082251233,median_pupil_dilation_rate
Block * Subject_Type,3,0,1,False,True,-0.0010508958464668532,44.86260580098039,two-sided,0.9991661657704032,1.0,bonf,0.267,-0.00026011162606650305,median_pupil_dilation_rate
Block * Subject_Type,4,0,1,False,True,2.5600094411006142,58.12346140740208,two-sided,0.013088710836399188,0.1047096866911935,bonf,3.871,0.5695894542421643,median_pupil_dilation_rate
Block * Subject_Type,5,0,1,False,True,1.4290088096839704,53.18536697498365,two-sided,0.1588490164885002,1.0,bonf,0.624,0.3307910927704724,median_pupil_dilation_rate
Block * Subject_Type,6,0,1,False,True,1.4165573508910327,55.34725917524896,two-sided,0.16221639694943898,1.0,bonf,0.615,0.3224058543269808,median_pupil_dilation_rate
Block * Subject_Type,7,0,1,False,True,2.581236425300965,63.61083154270869,two-sided,0.012160988862914567,0.09728791090331654,bonf,4.042,0.5184947706334173,median_pupil_dilation_rate
Block * Subject_Type,8,0,1,False,True,2.247533613685789,43.94176293423238,two-sided,0.029676187402715694,0.23740949922172555,bonf,2.124,0.5607854671085724,median_pupil_dilation_rate
Block,-,1,2,True,True,-0.1919647410529845,66.0,two-sided,0.8483592259506818,1.0,bonf,0.136,-0.026914425632399513,max_reaction_time
Block,-,1,3,True,True,0.2529252920718658,66.0,two-sided,0.8011120644316903,1.0,bonf,0.138,0.03683123089019985,max_reaction_time
Block,-,1,4,True,True,2.0770981347008064,66.0,two-sided,0.04168837180608354,1.0,bonf,1.003,0.29694347271293786,max_reaction_time
Block,-,1,5,True,True,0.49707583647751563,66.0,two-sided,0.6207874287023507,1.0,bonf,0.151,0.07242893540902186,max_reaction_time
Block,-,1,6,True,True,3.007406192234806,66.0,two-sided,0.003725755331877083,0.10432114929255833,bonf,7.966,0.4621413685726565,max_reaction_time
Block,-,1,7,True,True,1.8571847918996593,66.0,two-sided,0.06774759098441051,1.0,bonf,0.676,0.26757014494881853,max_reaction_time
Block,-,1,8,True,True,1.5891426729323457,66.0,two-sided,0.11680750198621416,1.0,bonf,0.442,0.24867712012693485,max_reaction_time
Block,-,2,3,True,True,0.495562351929903,66.0,two-sided,0.6218493032151136,1.0,bonf,0.151,0.06634979303344295,max_reaction_time
Block,-,2,4,True,True,2.4142910688164347,66.0,two-sided,0.018546518927471656,0.5193025299692063,bonf,1.975,0.35049753139628204,max_reaction_time
Block,-,2,5,True,True,0.8032421215746477,66.0,two-sided,0.4247181635938533,1.0,bonf,0.183,0.10768721136292796,max_reaction_time
Block,-,2,6,True,True,3.7316429470046892,66.0,two-sided,0.0003981307572932753,0.011147661204211708,bonf,59.399,0.5360082015094,max_reaction_time
Block,-,2,7,True,True,2.2886207079020284,66.0,two-sided,0.025310246689307484,0.7086869073006096,bonf,1.519,0.318855661721659,max_reaction_time
Block,-,2,8,True,True,2.016133334590233,66.0,two-sided,0.047859410675287234,1.0,bonf,0.896,0.29375777881592846,max_reaction_time
Block,-,3,4,True,True,1.7554257023355917,66.0,two-sided,0.08382659340822651,1.0,bonf,0.571,0.2541245139798245,max_reaction_time
Block,-,3,5,True,True,0.20946320497664792,66.0,two-sided,0.8347318649899198,1.0,bonf,0.137,0.03282422295916911,max_reaction_time
Block,-,3,6,True,True,3.041905086579545,66.0,two-sided,0.003371247783086906,0.09439493792643337,bonf,8.703,0.4134607152709324,max_reaction_time
Block,-,3,7,True,True,2.014526611768227,66.0,two-sided,0.04803214778959819,1.0,bonf,0.893,0.22518645914999855,max_reaction_time
Block,-,3,8,True,True,1.7421453380047989,66.0,two-sided,0.08614138312700463,1.0,bonf,0.559,0.20919874843558517,max_reaction_time
Block,-,4,5,True,True,-1.666941874643446,66.0,two-sided,0.10026500180422698,1.0,bonf,0.497,-0.23403233297107942,max_reaction_time
Block,-,4,6,True,True,1.2286689753550517,66.0,two-sided,0.22355903846686692,1.0,bonf,0.275,0.1504468312637221,max_reaction_time
Block,-,4,7,True,True,-0.21214471394791354,66.0,two-sided,0.8326479421665957,1.0,bonf,0.137,-0.030232314651038254,max_reaction_time
Block,-,4,8,True,True,-0.22386549944300344,66.0,two-sided,0.8235534886891536,1.0,bonf,0.137,-0.032890525437484656,max_reaction_time
Block,-,5,6,True,True,2.946585269448353,66.0,two-sided,0.004436385435570641,0.12421879219597795,bonf,6.829,0.40178549882104764,max_reaction_time
Block,-,5,7,True,True,1.3682812852969213,66.0,two-sided,0.1758641803889108,1.0,bonf,0.326,0.20357522142032866,max_reaction_time
Block,-,5,8,True,True,1.1224730087815036,66.0,two-sided,0.265728260765221,1.0,bonf,0.244,0.18750285714065762,max_reaction_time
Block,-,6,7,True,True,-1.3568109470937915,66.0,two-sided,0.17946394934186208,1.0,bonf,0.321,-0.18258586722283274,max_reaction_time
Block,-,6,8,True,True,-1.149725571959723,66.0,two-sided,0.25440608535380943,1.0,bonf,0.252,-0.17670585281722112,max_reaction_time
Block,-,7,8,True,True,-0.03063084189520047,66.0,two-sided,0.9756563852652513,1.0,bonf,0.134,-0.004264556519036159,max_reaction_time
Subject_Type,-,0,1,False,True,-0.4719953078756822,58.52071302461161,two-sided,0.6386854027332411,,,0.29,-0.10624224592421301,max_reaction_time
Block * Subject_Type,1,0,1,False,True,-0.7625543866829377,57.19999091575748,two-sided,0.4488624892933567,1.0,bonf,0.337,-0.17344852578377873,max_reaction_time
Block * Subject_Type,2,0,1,False,True,-0.9238132733495491,47.585894195962375,two-sided,0.3602444650990998,1.0,bonf,0.377,-0.2261009343401805,max_reaction_time
Block * Subject_Type,3,0,1,False,True,1.2328274840444682,43.82882003476957,two-sided,0.22421202571959714,1.0,bonf,0.498,0.31126452640939234,max_reaction_time
Block * Subject_Type,4,0,1,False,True,-1.8054713624409509,49.51906592690241,two-sided,0.07708188746312315,0.6166550997049852,bonf,1.021,-0.4352590276639463,max_reaction_time
Block * Subject_Type,5,0,1,False,True,0.3324502715838401,34.91112072598965,two-sided,0.7415373031201731,1.0,bonf,0.277,0.09192795371393464,max_reaction_time
Block * Subject_Type,6,0,1,False,True,-0.4381029123150087,45.44823474900845,two-sided,0.6633869863465809,1.0,bonf,0.286,-0.10910211828471796,max_reaction_time
Block * Subject_Type,7,0,1,False,True,0.42040590846394904,60.98831479228057,two-sided,0.6756665535059302,1.0,bonf,0.284,0.09264984543066666,max_reaction_time
Block * Subject_Type,8,0,1,False,True,-0.49166792769389195,47.43637317476645,two-sided,0.6252216037982011,1.0,bonf,0.292,-0.12047768062301499,max_reaction_time
Block,-,1,2,True,True,1.442106812780911,66.0,two-sided,0.154000952540676,1.0,bonf,0.359,0.09377535699634185,mean_reaction_time
Block,-,1,3,True,True,2.6854870274335725,66.0,two-sided,0.009150806914752533,0.2562225936130709,bonf,3.625,0.2618797341420507,mean_reaction_time
Block,-,1,4,True,True,2.9894110587419442,66.0,two-sided,0.003924140670736634,0.10987593878062576,bonf,7.609,0.34779965720385564,mean_reaction_time
Block,-,1,5,True,True,1.9849860106633817,66.0,two-sided,0.05130479314001414,1.0,bonf,0.846,0.24038168466006685,mean_reaction_time
Block,-,1,6,True,True,3.6019016011719445,66.0,two-sided,0.0006063702496599526,0.016978366990478673,bonf,40.536,0.49189127663402893,mean_reaction_time
Block,-,1,7,True,True,4.78805279578693,66.0,two-sided,9.889347648148997e-06,0.0002769017341481719,bonf,1795.945,0.5950871013893716,mean_reaction_time
Block,-,1,8,True,True,4.3077358730088795,66.0,two-sided,5.6047829866587064e-05,0.0015693392362644378,bonf,358.84,0.5456425975313146,mean_reaction_time
Block,-,2,3,True,True,2.4612440759655683,66.0,two-sided,0.016467793285201593,0.4610982119856446,bonf,2.186,0.17917009823132846,mean_reaction_time
Block,-,2,4,True,True,2.8449152784384135,66.0,two-sided,0.0059104568010041394,0.1654927904281159,bonf,5.307,0.2695810797485346,mean_reaction_time
Block,-,2,5,True,True,1.6236319729243691,66.0,two-sided,0.10922142282087195,1.0,bonf,0.465,0.1578799261534076,mean_reaction_time
Block,-,2,6,True,True,3.685910038253083,66.0,two-sided,0.0004622070992292639,0.01294179877841939,bonf,51.86,0.4207068934657497,mean_reaction_time
Block,-,2,7,True,True,5.289176911627375,66.0,two-sided,1.4967626457474989e-06,4.190935408092997e-05,bonf,1.052e+04,0.5272921008813525,mean_reaction_time
Block,-,2,8,True,True,4.451018385391577,66.0,two-sided,3.3695803242752485e-05,0.0009434824907970696,bonf,574.593,0.47497519484461537,mean_reaction_time
Block,-,3,4,True,True,1.1603770202055883,66.0,two-sided,0.2500755416521258,1.0,bonf,0.255,0.0884011503341158,mean_reaction_time
Block,-,3,5,True,True,-0.2327492674280423,66.0,two-sided,0.8166763891834184,1.0,bonf,0.138,-0.017619020344108408,mean_reaction_time
Block,-,3,6,True,True,2.584191566832241,66.0,two-sided,0.011980427820566682,0.3354519789758671,bonf,2.871,0.23468204959661493,mean_reaction_time
Block,-,3,7,True,True,3.9670221043999696,66.0,two-sided,0.00018185717274266447,0.005092000836794605,bonf,121.49,0.32864738905461666,mean_reaction_time
Block,-,3,8,True,True,3.1924873748169627,66.0,two-sided,0.0021615564141544506,0.060523579596324616,bonf,12.92,0.27729634898353744,mean_reaction_time
Block,-,4,5,True,True,-1.4468821304408395,66.0,two-sided,0.1526629341972324,1.0,bonf,0.361,-0.10449449444177321,mean_reaction_time
Block,-,4,6,True,True,1.6099050310519125,66.0,two-sided,0.11219159781799122,1.0,bonf,0.456,0.14559399922642857,mean_reaction_time
Block,-,4,7,True,True,2.6426938421632102,66.0,two-sided,0.010262165918996008,0.2873406457318882,bonf,3.282,0.23507904145676642,mean_reaction_time
Block,-,4,8,True,True,1.8879976055087644,66.0,two-sided,0.06342327614122432,1.0,bonf,0.713,0.1835975493607432,mean_reaction_time
Block,-,5,6,True,True,3.221033171245961,66.0,two-sided,0.001984024239127848,0.05555267869557975,bonf,13.947,0.24835622960175296,mean_reaction_time
Block,-,5,7,True,True,4.123564877738803,66.0,two-sided,0.00010653077538456863,0.002982861710767922,bonf,198.506,0.3410175637131389,mean_reaction_time
Block,-,5,8,True,True,4.028709006789529,66.0,two-sided,0.0001474875016152764,0.004129650045227739,bonf,147.219,0.2906374520982159,mean_reaction_time
Block,-,6,7,True,True,0.9708357535717435,66.0,two-sided,0.3351746356393106,1.0,bonf,0.21,0.0829653697333064,mean_reaction_time
Block,-,6,8,True,True,0.36633631364423774,66.0,two-sided,0.715285882928214,1.0,bonf,0.143,0.030838336052349185,mean_reaction_time
Block,-,7,8,True,True,-0.699370224030053,66.0,two-sided,0.4867782501322001,1.0,bonf,0.17,-0.055126521329032396,mean_reaction_time
Subject_Type,-,0,1,False,True,-1.897091574516477,60.49564566474045,two-sided,0.06259213484828663,,,1.173,-0.41995814181374497,mean_reaction_time
Block * Subject_Type,1,0,1,False,True,-2.4201019420676384,62.5612184948162,two-sided,0.018433268576595694,0.14746614861276555,bonf,2.924,-0.5249995333394769,mean_reaction_time
Block * Subject_Type,2,0,1,False,True,-2.0361413877579446,61.15718176630122,two-sided,0.04607337756808155,0.3685870205446524,bonf,1.466,-0.4480234649402007,mean_reaction_time
Block * Subject_Type,3,0,1,False,True,-1.2210559636022946,58.25575206459536,two-sided,0.22698378247004142,1.0,bonf,0.492,-0.2754357641204384,mean_reaction_time
Block * Subject_Type,4,0,1,False,True,-1.539990140616366,61.25147829085795,two-sided,0.1287133887843598,1.0,bonf,0.709,-0.3385517033585948,mean_reaction_time
Block * Subject_Type,5,0,1,False,True,-1.2655031262278782,58.005827329486,two-sided,0.21075078917078005,1.0,bonf,0.515,-0.286031207251314,mean_reaction_time
Block * Subject_Type,6,0,1,False,True,-2.0176373361037387,51.976707389927796,two-sided,0.04880566565484059,0.3904453252387247,bonf,1.421,-0.4774089512203622,mean_reaction_time
Block * Subject_Type,7,0,1,False,True,-1.1374310908851222,60.96697128838215,two-sided,0.2598086740981565,1.0,bonf,0.453,-0.25071864780432895,mean_reaction_time
Block * Subject_Type,8,0,1,False,True,-1.1344054295484802,61.79269666740104,two-sided,0.26100610908335675,1.0,bonf,0.452,-0.2480805684642242,mean_reaction_time
Block,-,1,2,True,True,1.707195046053695,66.0,two-sided,0.09248659351144245,1.0,bonf,0.529,0.11720191870385992,median_reaction_time
Block,-,1,3,True,True,2.8895039001150034,66.0,two-sided,0.005215704169952542,0.1460397167586712,bonf,5.922,0.2916826742474538,median_reaction_time
Block,-,1,4,True,True,2.5275285689743803,66.0,two-sided,0.013889263159371903,0.3888993684624133,bonf,2.529,0.31859667884760634,median_reaction_time
Block,-,1,5,True,True,1.7558802826047732,66.0,two-sided,0.08374827994717797,1.0,bonf,0.572,0.21892581126378446,median_reaction_time
Block,-,1,6,True,True,3.217237117433531,66.0,two-sided,0.002006817343455315,0.05619088561674882,bonf,13.806,0.43812486539588996,median_reaction_time
Block,-,1,7,True,True,4.4548819879640025,66.0,two-sided,3.3233090436332866e-05,0.0009305265322173202,bonf,582.003,0.5724680360755525,median_reaction_time
Block,-,1,8,True,True,3.9887968829714,66.0,two-sided,0.00016892725730614807,0.004729963204572146,bonf,129.986,0.5220602230740489,median_reaction_time
Block,-,2,3,True,True,2.5615573372896754,66.0,two-sided,0.012712421269051628,0.3559477955334456,bonf,2.728,0.18000713593203554,median_reaction_time
Block,-,2,4,True,True,2.0178126058905175,66.0,two-sided,0.047679444912373345,1.0,bonf,0.898,0.2024842238510762,median_reaction_time
Block,-,2,5,True,True,1.0379724949801055,66.0,two-sided,0.30307074557494934,1.0,bonf,0.224,0.10644658307106054,median_reaction_time
Block,-,2,6,True,True,2.666225364760136,66.0,two-sided,0.009636694909836334,0.26982745747541736,bonf,3.466,0.3275492146606084,median_reaction_time
Block,-,2,7,True,True,4.373862557438357,66.0,two-sided,4.436007867980279e-05,0.001242082203034478,bonf,445.447,0.4593569703207484,median_reaction_time
Block,-,2,8,True,True,3.5752210496567893,66.0,two-sided,0.0006604884916741979,0.01849367776687754,bonf,37.515,0.4085098626987013,median_reaction_time
Block,-,3,4,True,True,0.176970540815318,66.0,two-sided,0.860073495610185,1.0,bonf,0.136,0.013665304087519405,median_reaction_time
Block,-,3,5,True,True,-1.0540415143184843,66.0,two-sided,0.2957074012283771,1.0,bonf,0.228,-0.07126015439327119,median_reaction_time
Block,-,3,6,True,True,1.5333606924928311,66.0,two-sided,0.12996690364129396,1.0,bonf,0.408,0.1417066063954838,median_reaction_time
Block,-,3,7,True,True,3.0816235210347545,66.0,two-sided,0.003002098795479821,0.08405876627343498,bonf,9.646,0.26066343835285044,median_reaction_time
Block,-,3,8,True,True,2.4688426186881065,66.0,two-sided,0.016151801583542354,0.45225044433918593,bonf,2.222,0.21220287358148554,median_reaction_time
Block,-,4,5,True,True,-1.1123660951336793,66.0,two-sided,0.27001612936680813,1.0,bonf,0.242,-0.08806029072905082,median_reaction_time
Block,-,4,6,True,True,1.3707799524302116,66.0,two-sided,0.1750873717357515,1.0,bonf,0.327,0.13450405889290798,median_reaction_time
Block,-,4,7,True,True,2.6256552536206823,66.0,two-sided,0.010737882992561412,0.30066072379171954,bonf,3.156,0.2597440177519277,median_reaction_time
Block,-,4,8,True,True,1.9174066334123638,66.0,two-sided,0.059515862576418097,1.0,bonf,0.75,0.20866097872304423,median_reaction_time
Block,-,5,6,True,True,2.655652659186981,66.0,two-sided,0.009913289581059933,0.27757210826967815,bonf,3.382,0.21335974282426037,median_reaction_time
Block,-,5,7,True,True,3.6930569644847226,66.0,two-sided,0.00045158253845698225,0.012644311076795502,bonf,52.968,0.3352605378972353,median_reaction_time
Block,-,5,8,True,True,3.869855785016149,66.0,two-sided,0.0002520834527762905,0.007058336677736133,bonf,90.112,0.28663109134644127,median_reaction_time
Block,-,6,7,True,True,1.305521883614211,66.0,two-sided,0.19624787412939224,1.0,bonf,0.301,0.11365150875716819,median_reaction_time
Block,-,6,8,True,True,0.7695001583000637,66.0,two-sided,0.4443417617789497,1.0,bonf,0.178,0.06521746249702323,median_reaction_time
Block,-,7,8,True,True,-0.5777645524521213,66.0,two-sided,0.5653890976943958,1.0,bonf,0.157,-0.05056260100242,median_reaction_time
Subject_Type,-,0,1,False,True,-1.9165565510227849,62.20428521009131,two-sided,0.05989126271656094,,,1.209,-0.4173656235470032,median_reaction_time
Block * Subject_Type,1,0,1,False,True,-2.3892643009227466,63.31058330276442,two-sided,0.01987285004885354,0.15898280039082832,bonf,2.755,-0.5137243683085717,median_reaction_time
Block * Subject_Type,2,0,1,False,True,-2.0223982545333237,63.81912059697274,two-sided,0.047330587118292744,0.37864469694634195,bonf,1.433,-0.4318047482806335,median_reaction_time
Block * Subject_Type,3,0,1,False,True,-1.2279138973098644,61.28184583159508,two-sided,0.22417481777688805,1.0,bonf,0.496,-0.26986716792386745,median_reaction_time
Block * Subject_Type,4,0,1,False,True,-1.7134683108469322,60.055791341327264,two-sided,0.09178448816501737,0.734275905320139,bonf,0.894,-0.38077858910749024,median_reaction_time
Block * Subject_Type,5,0,1,False,True,-1.3235525071589207,63.12792661881591,two-sided,0.19042509477146335,1.0,bonf,0.548,-0.2852350715718845,median_reaction_time
Block * Subject_Type,6,0,1,False,True,-1.7833610966134301,54.6739838434069,two-sided,0.08007855749846071,0.6406284599876857,bonf,0.988,-0.41352377605924384,median_reaction_time
Block * Subject_Type,7,0,1,False,True,-1.2626448382567463,62.16147222582186,two-sided,0.2114330484413305,1.0,bonf,0.514,-0.2750875634452982,median_reaction_time
Block * Subject_Type,8,0,1,False,True,-0.9862298841200036,62.250775704248774,two-sided,0.3278381695106898,1.0,bonf,0.397,-0.2146646293829767,median_reaction_time
Block,-,1,2,True,True,1.9594804632720322,66.0,two-sided,0.05428222192863238,1.0,bonf,0.808,0.19670450409998722,final_low_load_correct
Block,-,1,3,True,True,7.814157003844694,66.0,two-sided,5.6954825136583314e-11,1.5947351038243328e-09,bonf,1.685e+08,0.7797420068722687,final_low_load_correct
Block,-,1,4,True,True,-5.7805109263233,66.0,two-sided,2.2109908464921523e-07,6.190774370178027e-06,bonf,6.378e+04,-0.6038902596776244,final_low_load_correct
Block,-,1,5,True,True,1.372056619870021,66.0,two-sided,0.17469148187927672,1.0,bonf,0.328,0.16763910463131393,final_low_load_correct
Block,-,1,6,True,True,11.884312886673705,66.0,two-sided,4.703082159627953e-18,1.3168630046958267e-16,bonf,1.196e+15,1.5040721172158784,final_low_load_correct
Block,-,1,7,True,True,-5.557563931610018,66.0,two-sided,5.300196332692367e-07,1.4840549731538628e-05,bonf,2.794e+04,-0.6736761008577391,final_low_load_correct
Block,-,1,8,True,True,1.296795061206894,66.0,two-sided,0.19921718149319276,1.0,bonf,0.298,0.14806070833550733,final_low_load_correct
Block,-,2,3,True,True,5.292544154000724,66.0,two-sided,1.4775510800871462e-06,4.137143024244009e-05,bonf,1.065e+04,0.5199183831128205,final_low_load_correct
Block,-,2,4,True,True,-8.5848704125339,66.0,two-sided,2.384010888545323e-12,6.675230487926904e-11,bonf,3.567e+09,-0.7620365699450711,final_low_load_correct
Block,-,2,5,True,True,-0.4822853086532196,66.0,two-sided,0.6311989334576744,1.0,bonf,0.15,-0.05287866098671039,final_low_load_correct
Block,-,2,6,True,True,10.791344368442681,66.0,two-sided,3.2466194117348235e-16,9.090534352857506e-15,bonf,1.956e+13,1.1857445550702699,final_low_load_correct
Block,-,2,7,True,True,-7.543716187009538,66.0,two-sided,1.7355958911589422e-10,4.859668495245038e-09,bonf,5.788e+07,-0.8238322926170648,final_low_load_correct
Block,-,2,8,True,True,-0.4312171498470809,66.0,two-sided,0.6677157084549346,1.0,bonf,0.147,-0.047249290972369955,final_low_load_correct
Block,-,3,4,True,True,-13.7340483925326,66.0,two-sided,5.0551453793538144e-21,1.415440706219068e-19,bonf,9.32e+17,-1.3620688026047605,final_low_load_correct
Block,-,3,5,True,True,-6.133862580738292,66.0,two-sided,5.428293374721364e-08,1.519922144921982e-06,bonf,2.411e+05,-0.6727239630449935,final_low_load_correct
Block,-,3,6,True,True,6.898692196568021,66.0,two-sided,2.4516180586327245e-09,6.864530564171629e-08,bonf,4.597e+06,0.7935474962979873,final_low_load_correct
Block,-,3,7,True,True,-11.146996952951069,66.0,two-sided,8.063466407203737e-17,2.2577705940170465e-15,bonf,7.559e+13,-1.396086434239931,final_low_load_correct
Block,-,3,8,True,True,-4.927175596890208,66.0,two-sided,5.89757822411275e-06,0.000165132190275157,bonf,2909.784,-0.5764374651949679,final_low_load_correct
Block,-,4,5,True,True,7.2804990022923315,66.0,two-sided,5.125498020032631e-10,1.4351394456091366e-08,bonf,2.052e+07,0.7976524630763125,final_low_load_correct
Block,-,4,6,True,True,17.95299781788438,66.0,two-sided,4.282813164485445e-27,1.1991876860559246e-25,bonf,8.019e+23,2.0297278133307586,final_low_load_correct
Block,-,4,7,True,True,-0.925051379024863,66.0,two-sided,0.35830921375292024,1.0,bonf,0.202,-0.09002523695611414,final_low_load_correct
Block,-,4,8,True,True,8.1225036849841,66.0,two-sided,1.598160483656535e-11,4.4748493542382977e-10,bonf,5.714e+08,0.7187530161844151,final_low_load_correct
Block,-,5,6,True,True,15.45966264327014,66.0,two-sided,1.272703915490925e-23,3.56357096337459e-22,bonf,3.213e+20,1.4819104374422138,final_low_load_correct
Block,-,5,7,True,True,-6.798787278587522,66.0,two-sided,3.686549656652868e-09,1.032233903862803e-07,bonf,3.115e+06,-0.8603492361631349,final_low_load_correct
Block,-,5,8,True,True,0.0,66.0,two-sided,1.0,1.0,bonf,0.134,0.0,final_low_load_correct
Block,-,6,7,True,True,-16.545445689060344,66.0,two-sided,3.5687111271665773e-25,9.992391156066417e-24,bonf,1.058e+22,-2.02517010450041,final_low_load_correct
Block,-,6,8,True,True,-12.180357262736406,66.0,two-sided,1.5302799307851136e-18,4.284783806198318e-17,bonf,3.566e+15,-1.248128084087226,final_low_load_correct
Block,-,7,8,True,True,7.936654134927569,66.0,two-sided,3.43757891908789e-11,9.625220973446091e-10,bonf,2.737e+08,0.7824006796941572,final_low_load_correct
Subject_Type,-,0,1,False,True,-3.8733664673717194,63.61641424709598,two-sided,0.0002560932631571891,,,98.685,-0.8294301270520575,final_low_load_correct
Block * Subject_Type,1,0,1,False,True,-2.7883557529887892,60.829094938573334,two-sided,0.00706088868228435,0.0564871094582748,bonf,6.268,-0.615402895481987,final_low_load_correct
Block * Subject_Type,2,0,1,False,True,-4.1369889450603115,63.521835323932336,two-sided,0.00010537775016096367,0.0008430220012877093,bonf,213.269,-0.8870349501033167,final_low_load_correct
Block * Subject_Type,3,0,1,False,True,-2.747638039423225,64.60499855748913,two-sided,0.0077710832248425255,0.062168665798740204,bonf,5.735,-0.5781927624552432,final_low_load_correct
Block * Subject_Type,4,0,1,False,True,-2.8094088137438717,56.19245732157191,two-sided,0.00681627551851685,0.0545302041481348,bonf,6.566,-0.643998627242401,final_low_load_correct
Block * Subject_Type,5,0,1,False,True,-3.4992901909496625,64.15018449884684,two-sided,0.000853620663237534,0.006828965305900272,bonf,35.233,-0.7431846251546,final_low_load_correct
Block * Subject_Type,6,0,1,False,True,-3.0257931654182726,60.54548480516882,two-sided,0.003637147647333136,0.02909718117866509,bonf,10.764,-0.6695201744514789,final_low_load_correct
Block * Subject_Type,7,0,1,False,True,-2.304923464952511,50.13678242690151,two-sided,0.02534817009633517,0.20278536077068135,bonf,2.35,-0.5530393697123661,final_low_load_correct
Block * Subject_Type,8,0,1,False,True,-2.9351244407904993,60.739583160771254,two-sided,0.0047011874981283145,0.037609499985026516,bonf,8.717,-0.6483233891253665,final_low_load_correct
Block,-,1,2,True,True,0.896712644748284,66.0,two-sided,0.37313150416192586,1.0,bonf,0.197,0.10878303817732543,final_low_load_incorrect
Block,-,1,3,True,True,3.368799997123892,66.0,two-sided,0.0012640705381963494,0.035393975069497784,bonf,20.888,0.3594743663428406,final_low_load_incorrect
Block,-,1,4,True,True,0.5340232565899136,66.0,two-sided,0.5951196405018425,1.0,bonf,0.154,0.06423906877909945,final_low_load_incorrect
Block,-,1,5,True,True,1.286615709895962,66.0,two-sided,0.20272299088307177,1.0,bonf,0.294,0.17671864137808813,final_low_load_incorrect
Block,-,1,6,True,True,5.830267502784956,66.0,two-sided,1.8166423216695803e-07,5.086598500674825e-06,bonf,7.68e+04,0.8188058784927017,final_low_load_incorrect
Block,-,1,7,True,True,-1.2067919245777237,66.0,two-sided,0.2318199302104899,1.0,bonf,0.268,-0.19482400013713044,final_low_load_incorrect
Block,-,1,8,True,True,0.649894188826549,66.0,two-sided,0.5180162629853278,1.0,bonf,0.164,0.09115405497851323,final_low_load_incorrect
Block,-,2,3,True,True,1.8251147226772497,66.0,two-sided,0.07250914604942356,1.0,bonf,0.641,0.20287236330815636,final_low_load_incorrect
Block,-,2,4,True,True,-0.3816538183707828,66.0,two-sided,0.703944161820967,1.0,bonf,0.144,-0.039524468073829255,final_low_load_incorrect
Block,-,2,5,True,True,0.29414849155023637,66.0,two-sided,0.7695675602987737,1.0,bonf,0.14,0.039253913035764525,final_low_load_incorrect
Block,-,2,6,True,True,4.741859557969906,66.0,two-sided,1.1725257444259411e-05,0.00032830720843926353,bonf,1532.368,0.5967039578944102,final_low_load_incorrect
Block,-,2,7,True,True,-2.25119016141621,66.0,two-sided,0.02770893589356829,0.7758502050199121,bonf,1.408,-0.27715141484952127,final_low_load_incorrect
Block,-,2,8,True,True,-0.16997367614915432,66.0,two-sided,0.8655507846262729,1.0,bonf,0.136,-0.020827975853920197,final_low_load_incorrect
Block,-,3,4,True,True,-2.2878375692986648,66.0,two-sided,0.025358488433633572,0.71003767614174,bonf,1.516,-0.24514135829734554,final_low_load_incorrect
Block,-,3,5,True,True,-1.5873133628591922,66.0,two-sided,0.11722140528396038,1.0,bonf,0.441,-0.20772919154411285,final_low_load_incorrect
Block,-,3,6,True,True,4.330594874621592,66.0,two-sided,5.170487490511755e-05,0.0014477364973432914,bonf,386.605,0.4964731055954787,final_low_load_incorrect
Block,-,3,7,True,True,-3.7143457828142235,66.0,two-sided,0.00042129855537811423,0.011796359550587198,bonf,56.419,-0.5133454219928286,final_low_load_incorrect
Block,-,3,8,True,True,-1.8187541086544157,66.0,two-sided,0.0734860964227071,1.0,bonf,0.634,-0.2388478772697552,final_low_load_incorrect
Block,-,4,5,True,True,0.7059144691382057,66.0,two-sided,0.48272570391621983,1.0,bonf,0.17,0.08476684113460035,final_low_load_incorrect
Block,-,4,6,True,True,5.546369137095822,66.0,two-sided,5.536562227180432e-07,1.5502374236105208e-05,bonf,2.682e+04,0.6328750571439604,final_low_load_incorrect
Block,-,4,7,True,True,-2.0076806480569664,66.0,two-sided,0.048774168021638586,1.0,bonf,0.882,-0.23548956412767216,final_low_load_incorrect
Block,-,4,8,True,True,0.20602612188357333,66.0,two-sided,0.8374047138525936,1.0,bonf,0.137,0.02052594072259144,final_low_load_incorrect
Block,-,5,6,True,True,6.293942100552645,66.0,two-sided,2.854747499428936e-08,7.993292998401021e-07,bonf,4.438e+05,0.7264626290580154,final_low_load_incorrect
Block,-,5,7,True,True,-2.616138450899515,66.0,two-sided,0.011012237513487585,0.3083426503776524,bonf,3.088,-0.3591053302161922,final_low_load_incorrect
Block,-,5,8,True,True,-0.5627936146310352,66.0,two-sided,0.5754822579787153,1.0,bonf,0.156,-0.06634114000528536,final_low_load_incorrect
Block,-,6,7,True,True,-6.890689966334803,66.0,two-sided,2.533121084546648e-09,7.092739036730615e-08,bonf,4.455e+06,-0.9001006653886585,final_low_load_incorrect
Block,-,6,8,True,True,-6.379820846189043,66.0,two-sided,2.0194075502873345e-08,5.654341140804537e-07,bonf,6.166e+05,-0.6594047046836572,final_low_load_incorrect
Block,-,7,8,True,True,2.424546042807612,66.0,two-sided,0.01807343667417876,0.5060562268770052,bonf,2.019,0.2673296580339975,final_low_load_incorrect
Subject_Type,-,0,1,False,True,4.302721249448115,62.439516705371815,two-sided,6.049366290368388e-05,,,352.312,0.9346471245927834,final_low_load_incorrect
Block * Subject_Type,1,0,1,False,True,3.266820593065566,57.471590265416886,two-sided,0.0018372304266909595,0.014697843413527676,bonf,19.347,0.74148889423525,final_low_load_incorrect
Block * Subject_Type,2,0,1,False,True,5.0833280754983,63.80280556040531,two-sided,3.4818035876556978e-06,2.7854428701245582e-05,bonf,4391.391,1.0169094784875359,final_low_load_incorrect
Block * Subject_Type,3,0,1,False,True,2.2744276203223635,61.8630550033703,two-sided,0.026419343067446584,0.21135474453957268,bonf,2.221,0.49703869387479105,final_low_load_incorrect
Block * Subject_Type,4,0,1,False,True,3.1498689538932116,61.496004350300346,two-sided,0.002521939045045369,0.02017551236036295,bonf,14.49,0.6908495876570262,final_low_load_incorrect
Block * Subject_Type,5,0,1,False,True,2.106693839088193,50.94789307598065,two-sided,0.040088693517399146,0.32070954813919317,bonf,1.65,0.5023668137621016,final_low_load_incorrect
Block * Subject_Type,6,0,1,False,True,3.4566254827002103,62.98310449741614,two-sided,0.0009851356842403307,0.007881085473922645,bonf,31.486,0.7462348503846399,final_low_load_incorrect
Block * Subject_Type,7,0,1,False,True,2.488567241395106,56.406362509671034,two-sided,0.01580359573306418,0.12642876586451343,bonf,3.345,0.5695198672537618,final_low_load_incorrect
Block * Subject_Type,8,0,1,False,True,2.80488918838616,59.16773565623609,two-sided,0.006800090880663682,0.054400727045309454,bonf,6.5,0.6280258188422705,final_low_load_incorrect
Block,-,1,2,True,True,-4.386726968250463,66.0,two-sided,4.237883570489245e-05,0.0011866073997369884,bonf,464.683,-0.5566898615380307,final_high_load_correct
Block,-,1,3,True,True,-7.43296685899943,66.0,two-sided,2.7380492963439415e-10,7.666538029763035e-09,bonf,3.739e+07,-0.9879941286754671,final_high_load_correct
Block,-,1,4,True,True,-1.0809240937799667,66.0,two-sided,0.2836648248797199,1.0,bonf,0.234,-0.1611932545797143,final_high_load_correct
Block,-,1,5,True,True,-5.3547871889174905,66.0,two-sided,1.1630954996437736e-06,3.256667399002566e-05,bonf,1.333e+04,-0.6787997044978399,final_high_load_correct
Block,-,1,6,True,True,-10.54144986584719,66.0,two-sided,8.709366758890882e-16,2.4386226924894467e-14,bonf,7.509e+12,-1.5444786858706063,final_high_load_correct
Block,-,1,7,True,True,3.0735851143526265,66.0,two-sided,0.0030736202524555816,0.08606136706875628,bonf,9.446,0.4306186940130092,final_high_load_correct
Block,-,1,8,True,True,-4.210072054286993,66.0,two-sided,7.892339398046853e-05,0.002209855031453119,bonf,261.655,-0.5201736447074657,final_high_load_correct
Block,-,2,3,True,True,-4.129887383098247,66.0,two-sided,0.00010423164788931151,0.002918486140900722,bonf,202.53,-0.5338308221790633,final_high_load_correct
Block,-,2,4,True,True,3.090591981153424,66.0,two-sided,0.0029241362473624195,0.08187581492614775,bonf,9.874,0.4455532457693181,final_high_load_correct
Block,-,2,5,True,True,-1.306712424401206,66.0,two-sided,0.19584537595891172,1.0,bonf,0.302,-0.16833247449547267,final_high_load_correct
Block,-,2,6,True,True,-9.14696427705704,66.0,two-sided,2.3861591930707e-13,6.68124574059796e-12,bonf,3.284e+10,-1.1029653666992076,final_high_load_correct
Block,-,2,7,True,True,6.9915971456665,66.0,two-sided,1.676526893906508e-09,4.6942753029382226e-08,bonf,6.607e+06,1.0326542940877015,final_high_load_correct
Block,-,2,8,True,True,-0.12555858710630036,66.0,two-sided,0.9004630309016706,1.0,bonf,0.135,-0.015701068384359463,final_high_load_correct
Block,-,3,4,True,True,7.0160883753984375,66.0,two-sided,1.5165626130887857e-09,4.2463753166486e-08,bonf,7.272e+06,0.9188456604036872,final_high_load_correct
Block,-,3,5,True,True,3.268120004684499,66.0,two-sided,0.001720773351965456,0.04818165385503277,bonf,15.84,0.3607312466263872,final_high_load_correct
Block,-,3,6,True,True,-4.30417834735501,66.0,two-sided,5.6754740280634867e-05,0.0015891327278577763,bonf,354.71,-0.4970062150933819,final_high_load_correct
Block,-,3,7,True,True,11.409130958612458,66.0,two-sided,2.914766662400225e-17,8.16134665472063e-16,bonf,2.031e+14,1.3915881200144287,final_high_load_correct
Block,-,3,8,True,True,3.763032976736711,66.0,two-sided,0.00035916122713942336,0.010056514359903854,bonf,65.239,0.4827011362965707,final_high_load_correct
Block,-,4,5,True,True,-4.421117524924702,66.0,two-sided,3.749461280048438e-05,0.0010498491584135625,bonf,520.458,-0.583637728752192,final_high_load_correct
Block,-,4,6,True,True,-10.573179977256636,66.0,two-sided,7.680952730283057e-16,2.150666764479256e-14,bonf,8.482e+12,-1.5126909391618084,final_high_load_correct
Block,-,4,7,True,True,4.479657685877429,66.0,two-sided,3.040927935637086e-05,0.0008514598219783841,bonf,631.932,0.6474126054292787,final_high_load_correct
Block,-,4,8,True,True,-3.3106709363246827,66.0,two-sided,0.0015114764882745851,0.042321341671688384,bonf,17.791,-0.41324838759651894,final_high_load_correct
Block,-,5,6,True,True,-7.615640659248363,66.0,two-sided,1.2906147244946165e-10,3.6137212285849265e-09,bonf,7.689e+07,-0.897869946997317,final_high_load_correct
Block,-,5,7,True,True,8.949019475524267,66.0,two-sided,5.356759486222163e-13,1.4998926561422055e-11,bonf,1.505e+10,1.1189975243159007,final_high_load_correct
Block,-,5,8,True,True,1.1197624810169675,66.0,two-sided,0.266873471440143,1.0,bonf,0.244,0.13932775003208733,final_high_load_correct
Block,-,6,7,True,True,15.091243706989436,66.0,two-sided,4.424299224428864e-23,1.238803782840082e-21,bonf,9.51e+19,1.9687865546084768,final_high_load_correct
Block,-,6,8,True,True,7.784094316980096,66.0,two-sided,6.446763887547406e-11,1.8050938885132737e-09,bonf,1.496e+08,1.0117247342251192,final_high_load_correct
Block,-,7,8,True,True,-6.851599940226169,66.0,two-sided,2.9717107868594184e-09,8.320790203206372e-08,bonf,3.826e+06,-0.943196152875319,final_high_load_correct
Subject_Type,-,0,1,False,True,-3.8405405916794932,45.77619712385407,two-sided,0.00037556187384614204,,,89.881,-0.9538269434666725,final_high_load_correct
Block * Subject_Type,1,0,1,False,True,-1.2679571365809754,54.054835945266255,two-sided,0.2102476308083262,1.0,bonf,0.517,-0.2953822513960085,final_high_load_correct
Block * Subject_Type,2,0,1,False,True,-1.9800429956861494,45.49099405975533,two-sided,0.05376678269824053,0.4301342615859242,bonf,1.337,-0.4929209976679597,final_high_load_correct
Block * Subject_Type,3,0,1,False,True,-4.274402690600365,48.33117873870424,two-sided,8.968401954539502e-05,0.0007174721563631602,bonf,323.057,-1.040015104410799,final_high_load_correct
Block * Subject_Type,4,0,1,False,True,-3.148171287550105,48.364138235481946,two-sided,0.0028135396138992646,0.022508316911194117,bonf,14.43,-0.7657912168644753,final_high_load_correct
Block * Subject_Type,5,0,1,False,True,-2.5375022153433977,50.716840964747895,two-sided,0.014282255395454281,0.11425804316363425,bonf,3.69,-0.6061598063299851,final_high_load_correct
Block * Subject_Type,6,0,1,False,True,-3.2108371651529106,42.701126164035756,two-sided,0.0025155034099610687,0.02012402727968855,bonf,16.828,-0.8187726680685304,final_high_load_correct
Block * Subject_Type,7,0,1,False,True,-2.422039346556529,43.71753059952105,two-sided,0.019649554690653222,0.15719643752522577,bonf,2.935,-0.6121084611387462,final_high_load_correct
Block * Subject_Type,8,0,1,False,True,-1.9445765735939822,37.777899006681395,two-sided,0.05929907621418975,0.474392609713518,bonf,1.263,-0.5203194917508948,final_high_load_correct
Block,-,1,2,True,True,-0.49591487065358425,66.0,two-sided,0.6216019008218125,1.0,bonf,0.151,-0.06828582675348423,final_high_load_incorrect
Block,-,1,3,True,True,-2.1638590445147154,66.0,two-sided,0.03409940810585616,0.9547834269639726,bonf,1.184,-0.3149778711108727,final_high_load_incorrect
Block,-,1,4,True,True,4.463061608236988,66.0,two-sided,3.227375734665997e-05,0.0009036652057064791,bonf,598.018,0.6924749434602911,final_high_load_incorrect
Block,-,1,5,True,True,1.005219933404306,66.0,two-sided,0.31846222700683746,1.0,bonf,0.217,0.1300163108949949,final_high_load_incorrect
Block,-,1,6,True,True,-5.011376578985152,66.0,two-sided,4.301022637036623e-06,0.00012042863383702545,bonf,3909.098,-0.8131642344384623,final_high_load_incorrect
Block,-,1,7,True,True,4.367185585436113,66.0,two-sided,4.5423516912075544e-05,0.0012718584735381152,bonf,435.792,0.6446572081664509,final_high_load_incorrect
Block,-,1,8,True,True,-0.759591413903399,66.0,two-sided,0.4502035204333428,1.0,bonf,0.177,-0.1076885322635903,final_high_load_incorrect
Block,-,2,3,True,True,-1.756720507352856,66.0,two-sided,0.08360368853566666,1.0,bonf,0.573,-0.258069090784414,final_high_load_incorrect
Block,-,2,4,True,True,5.410539240934602,66.0,two-sided,9.379527037133329e-07,2.626267570397332e-05,bonf,1.632e+04,0.7832530922080859,final_high_load_incorrect
Block,-,2,5,True,True,1.397555240259661,66.0,two-sided,0.16692690528034698,1.0,bonf,0.339,0.19879237304661396,final_high_load_incorrect
Block,-,2,6,True,True,-4.847224875992775,66.0,two-sided,7.943340040362597e-06,0.00022241352113015273,bonf,2203.289,-0.7690603949629261,final_high_load_incorrect
Block,-,2,7,True,True,4.349658219586791,66.0,two-sided,4.833406343072349e-05,0.0013533537760602578,bonf,411.466,0.7283160426742545,final_high_load_incorrect
Block,-,2,8,True,True,-0.2994560285642589,66.0,two-sided,0.7655331328983821,1.0,bonf,0.14,-0.04567814119358667,final_high_load_incorrect
Block,-,3,4,True,True,7.327183947292054,66.0,two-sided,4.230589822735631e-10,1.1845651503659767e-08,bonf,2.465e+07,0.9612849415108361,final_high_load_incorrect
Block,-,3,5,True,True,3.2532610569720313,66.0,two-sided,0.0018000736898340466,0.0504020633153533,bonf,15.214,0.42695985011581683,final_high_load_incorrect
Block,-,3,6,True,True,-3.366005357615816,66.0,two-sided,0.0012750332228734576,0.03570093024045681,bonf,20.726,-0.5033325925773479,final_high_load_incorrect
Block,-,3,7,True,True,6.222204770471907,66.0,two-sided,3.809190601544359e-08,1.0665733684324205e-06,bonf,3.374e+05,0.9086523134558564,final_high_load_incorrect
Block,-,3,8,True,True,1.2854162181814257,66.0,two-sided,0.20313911000291426,1.0,bonf,0.294,0.1990585626750069,final_high_load_incorrect
Block,-,4,5,True,True,-3.7282281462125444,66.0,two-sided,0.00040260588992706146,0.01127296491795772,bonf,58.797,-0.52967140738755,final_high_load_incorrect
Block,-,4,6,True,True,-9.119087195420557,66.0,two-sided,2.673615441569471e-13,7.486123236394518e-12,bonf,2.943e+10,-1.4001331493221223,final_high_load_incorrect
Block,-,4,7,True,True,-0.06737823581219567,66.0,two-sided,0.9464842973540495,1.0,bonf,0.134,-0.01060036549848124,final_high_load_incorrect
Block,-,4,8,True,True,-5.19441244106461,66.0,two-sided,2.1504763833186826e-06,6.0213338732923114e-05,bonf,7484.627,-0.7589530982490296,final_high_load_incorrect
Block,-,5,6,True,True,-5.821324356096579,66.0,two-sided,1.881996865349725e-07,5.2695912229792294e-06,bonf,7.428e+04,-0.9041050940468663,final_high_load_incorrect
Block,-,5,7,True,True,3.5990031038551504,66.0,two-sided,0.0006120385366422844,0.017137079025983964,bonf,40.195,0.49283765260589296,final_high_load_incorrect
Block,-,5,8,True,True,-1.701878535004668,66.0,two-sided,0.09348464004152036,1.0,bonf,0.525,-0.22743932831660027,final_high_load_incorrect
Block,-,6,7,True,True,8.609890494954058,66.0,two-sided,2.1511750684014596e-12,6.023290191524087e-11,bonf,3.938e+09,1.3430364195213906,final_high_load_incorrect
Block,-,6,8,True,True,4.536953420917412,66.0,two-sided,2.4743016853491076e-05,0.0006928044718977501,bonf,765.149,0.6903718076557707,final_high_load_incorrect
Block,-,7,8,True,True,-4.753869960756402,66.0,two-sided,1.12181866279154e-05,0.0003141092255816312,bonf,1596.809,-0.71337418953067,final_high_load_incorrect
Subject_Type,-,0,1,False,True,3.4387856688998477,37.13555998179013,two-sided,0.0014572952076420263,,,30.05,0.9265889594519929,final_high_load_incorrect
Block * Subject_Type,1,0,1,False,True,1.1595567922454193,47.17256516947653,two-sided,0.252065040604025,1.0,bonf,0.463,0.28473559227803635,final_high_load_incorrect
Block * Subject_Type,2,0,1,False,True,1.7817201467507333,43.44099116758934,two-sided,0.08178637832513916,0.6542910266011133,bonf,0.986,0.4513731783931752,final_high_load_incorrect
Block * Subject_Type,3,0,1,False,True,3.702627781859466,50.6568020974116,two-sided,0.0005273614361547199,0.0042188914892377595,bonf,61.081,0.8848890711528906,final_high_load_incorrect
Block * Subject_Type,4,0,1,False,True,3.134844324245393,53.88099648767539,two-sided,0.00278259384966965,0.0222607507973572,bonf,13.97,0.7312430620334394,final_high_load_incorrect
Block * Subject_Type,5,0,1,False,True,1.279212856397661,42.29838503336219,two-sided,0.20779528704837835,1.0,bonf,0.523,0.3273902295101755,final_high_load_incorrect
Block * Subject_Type,6,0,1,False,True,2.4930292869881154,38.63308902206427,two-sided,0.017062201508135193,0.13649761206508154,bonf,3.375,0.6610830763702872,final_high_load_incorrect
Block * Subject_Type,7,0,1,False,True,1.581054512894765,41.80991450420302,two-sided,0.1214020549659691,0.9712164397277528,bonf,0.747,0.4064532981944516,final_high_load_incorrect
Block * Subject_Type,8,0,1,False,True,1.453884499758714,33.822370895077405,two-sided,0.1551954935417873,1.0,bonf,0.637,0.4075892948553286,final_high_load_incorrect
